Name,PWR,J,S1,S2,m1,m2,mH2,mAzi,u1,u2,Re1,Re2,PhiTot,PhiInt,PhiInt_rescaled,Xst,Zst,rho1,d1,d2,MW1,Z1,S2/S1,DeltaS,DeltaU/u1,Z1/d1,1/sqrt_J,k,phi_S2,Attache (I/O),Groupe,Type
D10-PW10-PHI35-PRE2-S10-S20-20230207,10.008737448806956,1.784,0.0,0.0,0.0014950940223765,0.0067526927137374,8.343395672563318e-05,0.0,28.162,28.475,10769.416390663751,14619.745916956954,0.349,2.019,0.6687779061011021,0.4778789604381031,0.3429382261399766,0.6759500819766683,0.01,0.02,16.528151951671333,0.1316630515377085,0.0,0.0,0.0111080258465578,13.166305153770857,0.748715739096296,1.6,0.349116991048565,1.0,A,I
LFNO10-PHI035-PRE2-20221124,10.06969627392144,1.736,0.0,0.0,0.0015195089254988,0.0067551835775375,8.394211632145247e-05,0.0,28.499,28.485,10939.323614694673,14625.138698387143,0.35,1.998,0.666398703570116,0.4793302327429499,0.3452235541403005,0.6788699045811986,0.01,0.02,16.599546678835917,0.1329950296653891,0.0,0.0,0.0004721326768022,13.29950296653891,0.7590241235190952,1.6,0.3501113028150013,1.0,A,I
LFNO10-PHI045-PRE2-20221124,10.062845619566554,0.93,0.0,0.0,0.0015194908658715,0.0049443440914154,8.388500849922102e-05,0.0,28.49,20.849,10938.803104439285,10704.626644041704,0.449,1.996,0.6662413428713125,0.4794262999439862,0.3453747188147459,0.6790625589013285,0.01,0.02,16.60425741112541,0.1650307478994692,0.0,0.0,0.2681959151207593,16.50307478994693,1.036853197646092,1.6,0.4491764613778788,1.0,A,I
LFNO10-PHI04-PRE2-20221124,10.067702213562928,1.254,0.0,0.0,0.0015194203719029,0.0057408820533752,8.39254936108947e-05,0.0,28.495,24.208,10938.604447976551,12429.150935421489,0.4,1.997,0.6663658144544027,0.4793503104132875,0.3452551481264255,0.6789101749656148,0.01,0.02,16.600531359584586,0.1445567926370872,0.0,0.0,0.1504529279608348,14.45567926370872,0.8930502970247812,1.6,0.3995200422903509,1.0,A,I
LFNO10-PHI04-PRE2-PW15-20221208,14.9701481709025,1.241,0.0,0.0,0.002252478620046,0.008473972082138,0.0001247928323683,0.0,42.298,35.733,16218.657553238416,18346.358112255315,0.402,2.004,0.6670769436962797,0.4789162871472137,0.3445720377313351,0.6780388890732353,0.01,0.02,16.579226908255155,0.149169639448108,0.0,0.0,0.1551970815157877,14.916963944810806,0.8974889375973808,1.6,0.402129343829934,1.0,A,I
LFNO10-PHI04-PRE2-PW65-20221208,6.493243318591804,1.286,0.0,0.0,0.0009775565577812,0.0037431291341781,5.4128403789528216e-05,0.0,18.352,15.784,7038.546039578933,8103.966698309203,0.396,2.002,0.6669439534655283,0.4789974396327969,0.3446997856060027,0.6782019197451615,0.01,0.02,16.58321329096333,0.1329437286924981,0.0,0.0,0.1399446893142107,13.294372869249814,0.8816786682493343,1.6,0.396258441145104,1.0,A,I
D10-PW10-PHI35-PRE2-S10-S202-20230130,10.030586408150638,1.765,0.0,0.159,0.0015044596766361,0.006753931980133,8.361609209862153e-05,0.0012321882745966,28.289,28.48,10834.501589473066,14622.42895920316,0.349,2.01,0.6678238633896248,0.4784606379214574,0.3438545820972154,0.6771224890194858,0.01,0.02,16.55681933742892,0.1367702231561109,15.92337060809944,0.1592337060809944,0.0067411465059341,13.677022315611092,0.7526152393967768,1.6,0.3386160456946535,1.0,A,I
D10-PW10-PHI35-PRE2-S10-S204-20230130,10.027083946833253,1.751,0.0,0.32,0.0015043975970357,0.0067252233362197,8.358689518867333e-05,0.0024539013313458,28.285,28.359,10833.87492156715,14560.27403857742,0.351,2.01,0.6677515199301846,0.4785047603992994,0.3439240702228158,0.6772113043031538,0.01,0.02,16.55899102516628,0.1377521864770879,31.99608544576256,0.3199608544576256,0.002634696951655,13.775218647708796,0.7557472537807953,1.6,0.3120315166434464,1.0,A,I
D10-PW10-PHI35-PRE2-S10-S206-20230130,10.018896300719367,1.779,0.0,0.479,0.0015051452456567,0.0067802648496627,8.351864205334584e-05,0.0037109773407504,28.283,28.591,10838.493451193592,14679.440269817926,0.348,2.007,0.6674428475574397,0.4786930440714658,0.3442205633487107,0.6775901214002253,0.01,0.02,16.568253760254617,0.1280962138208138,47.86190628568008,0.4786190628568008,0.0109036477915862,12.809621382081389,0.7497750373039392,1.6,0.2761901344701231,1.0,A,I
D10-PW10-PHI35-PRE2-S10-S208-20230130,10.018644900559554,1.782,0.0,0.637,0.0015047012888041,0.0067851520395278,8.351654635344745e-05,0.004951536266018,28.278,28.612,10835.45367820422,14690.021156155386,0.348,2.008,0.6675062746775635,0.4786543517462335,0.3441596383638414,0.6775122987543163,0.01,0.02,16.566350861577387,0.0809619744139167,63.69485107841376,0.6369485107841376,0.0118145596090454,8.096197441391674,0.7490570141479587,1.6,0.2435045117622963,1.0,A,II
D10-PW10-PHI35-PRE2-S10-S210-20230202,10.02651829647368,1.751,0.0,0.805,0.0015120627692537,0.0067531242990493,8.358217986390196e-05,0.0061602046057462,28.367,28.477,10886.074755480868,14620.680309779013,0.349,1.999,0.6665434734806316,0.4792418608598097,0.3450844859039538,0.6786926143391544,0.01,0.02,16.595211624904884,0.0807983138604205,80.5003477303064,0.8050034773030641,0.0038816064724326,8.079831386042056,0.7556336199461365,1.6,0.2140273792132681,1.0,A,II
D10-Db20-PW10-PHI35-PRE2-S10-S2091-20230424,10.02383288567568,1.746,0.0,0.916,0.0015086401076611,0.0067311319446563,8.355979397862356e-05,0.003514543056488,28.326,28.384,10862.59508033642,14573.066321260432,0.35,2.003,0.667013464600511,0.4789550220895595,0.3446330143958433,0.6781167122342165,0.01,0.02,16.581129819526794,0.0807826086956521,91.62175345443065,0.9162175345443064,0.0020314498714074,8.07826086956521,0.7567075710163449,1.6,0.1972296317564195,1.0,A,I
D10-Db20-PW10-PHI35-PRE2-S10-S2121-20230424,10.021004633877794,1.852,0.0,1.21,0.0015081027389993,0.0069288966655731,8.353621735476653e-05,0.0047768437767028,28.317,29.218,10858.768993148513,15001.23180926773,0.342,2.003,0.6670308792910552,0.4789443954853103,0.3446162861899841,0.6780953633603505,0.01,0.02,16.58060780253077,0.0997391304347826,120.97476531914025,1.2097476531914024,0.0318067889675625,9.97391304347826,0.7348593329398152,1.6,0.1568086105980563,1.0,A,I
D10-PW10-PHI35-PRE2-S129-S20-20230202,10.012337042004264,1.732,0.289,0.0,0.0015097095573624,0.0067056827974319,8.346396333781482e-05,0.0,28.324,28.277,10869.215421886902,14517.968291186078,0.351,1.999,0.6665769111662175,0.4792214506900543,0.3450523653329106,0.678651658492077,0.01,0.02,16.594210183405202,0.1375885259235917,0.0,0.2886751345948128,0.0016772529443445,13.758852592359178,0.7598182113504883,1.6,0.3506350819204673,1.0,A,I
D10-PW10-PHI35-PRE2-S129-S202-20230202,10.006634829288522,1.737,0.289,0.161,0.0015065412502398,0.0067032597541809,8.341642905375561e-05,0.0012229436267604,28.283,28.266,10847.293873428443,14512.72234291364,0.351,2.002,0.666937044535821,0.479001655751158,0.344706422222982,0.6782103881747155,0.01,0.02,16.583420358754562,0.1393887920120496,0.5376784038341417,0.1280839649609264,0.0005894965659181,13.938879201204966,0.7587444324121694,1.6,0.3396418630876775,1.0,A,I
D10-PW10-PHI35-PRE2-S129-S204-20230203,10.084888842670097,1.81,0.289,0.322,0.0014880229759422,0.0067881135368347,8.406876327667636e-05,0.0024768487249567,28.177,28.624,10725.690640517902,14696.4328707106,0.351,2.046,0.6716630118586251,0.4761221308624089,0.3401674447185059,0.6723916911464194,0.01,0.02,16.44114312378008,0.1387595896764648,1.0765969730831997,0.0328776112451799,0.0158655884868646,13.875958967646486,0.7432452249544828,1.6,0.3117441192263783,1.0,A,I
D10-PW10-PHI35-PRE2-S129-S206-20230203,10.084048937590726,1.817,0.289,0.481,0.0014883694633215,0.0068026559066772,8.406176173383399e-05,0.0037232324232669,28.18,28.686,10728.001617357646,14727.91745932451,0.35,2.045,0.671589121459292,0.4761670835607295,0.3402384004759283,0.6724830684457187,0.01,0.02,16.443377457243486,0.0546810399890262,1.6099461801067705,0.1921757574389815,0.0179432282675174,5.4681039989026266,0.7417786468808212,1.6,0.2773356357372475,1.0,A,II
D10-PW10-PHI35-PRE2-S129-S208-20230203,10.081729199752454,1.812,0.289,0.639,0.0014883223809569,0.0067929616785049,8.404242413931688e-05,0.0049572354324323,28.177,28.645,10727.545220058388,14706.929216745111,0.35,2.045,0.6715427344757856,0.4761953051193928,0.3402829453266989,0.6725404268165797,0.01,0.02,16.444779968900143,0.0406422362797475,2.1408690115873674,0.350749205590908,0.0166114519144048,4.064223627974753,0.7427820632887998,1.6,0.244824373670677,1.0,A,II
D10-PW10-PHI35-PRE2-S129-S210-20230203,10.080260794273553,1.812,0.289,0.801,0.0014878662238435,0.0067906413936614,8.40301833467285e-05,0.0061944277251188,28.17,28.635,10724.352177648818,14701.90574295411,0.35,2.045,0.6715803423864958,0.4761724246294249,0.3402468309011329,0.6724939243209486,0.01,0.02,16.443642902222564,0.0341627884139265,2.6825505173295894,0.5125360022259872,0.0165054864671323,3.4162788413926566,0.7428338117014113,1.6,0.215469311171186,1.0,A,II
D10-Db20-PW10-PHI35-PRE2-S129-S2118-20230424,10.015388125761987,1.776,0.289,1.177,0.0015009409270167,0.0067588150596618,8.34893975138545e-05,0.0045316868782043,28.233,28.501,10809.641526375626,14633.000946561358,0.349,2.012,0.6680176887675343,0.4783424336023489,0.3436684084998061,0.6768844717255923,0.01,0.02,16.55099940174803,0.0399130434782608,3.93920060184507,0.8878661353572312,0.0094759223657828,3.99130434782608,0.7504443957658317,1.6,0.1636524086020513,1.0,A,II
D10-Db20-PW10-PHI35-PRE2-S16-S20-20230405,10.057229111450749,1.775,0.596,0.0,0.0015041957259279,0.0067755502939224,8.383818865830899e-05,0.0,28.319,28.571,10834.253253812194,14669.233140609284,0.349,2.016,0.6684878737378027,0.4780557539483512,0.3432167953989938,0.6763067220578726,0.01,0.02,16.536872420255293,0.1097491473517749,0.0,0.595876796297105,0.0089238246211855,10.974914735177492,0.7505345380620949,1.6,0.3494577924703377,1.0,A,I
D10-Db20-PW10-PHI35-PRE2-S16-S2077-20230405,10.059240312729244,1.887,0.596,0.77,0.0014627093982844,0.0068349898672103,8.38549542574962e-05,0.0029999967718124,27.873,28.822,10551.789193245946,14797.92127965558,0.349,2.078,0.6750706129225351,0.4740514104866448,0.3368955620453455,0.6681636623506783,0.01,0.02,16.337760486133675,0.0451086462660498,1.2712074416712231,0.1743182958916946,0.0340394947897859,4.5108646266049846,0.7278828848078183,1.6,0.2197622799560165,1.0,A,II
D10-Db20-PW10-PHI35-PRE23-S16-S209-20230512,10.054138032213055,2.278,0.596,0.898,0.0013220851428428,0.0069408269166946,8.381242107546729e-05,0.003553303527832,26.349,29.268,9594.966103703176,15027.06109656335,0.35,2.312,0.6980939162597979,0.4601807794991399,0.3148087907200279,0.6388613029561371,0.01,0.02,15.621266973477844,0.0369859852635849,1.4827045039012716,0.3024594583818859,0.1107922041856758,3.698598526358496,0.6625637576792296,1.6,0.1999267614592373,,,
D10-Db20-PW10-PHI35-PRE2-S16-S2142-20230405,10.055720710491872,1.753,0.596,1.426,0.0014625906586712,0.0065869618988037,8.382561445891858e-05,0.0053521223354339,27.868,27.776,10550.773648883413,14260.934623794908,0.36,2.077,0.6750080707755003,0.4740893743025078,0.3369556065266955,0.668241509817441,0.01,0.02,16.339663991723828,0.0278300397705815,2.353284284820491,0.8299235469662583,0.0032866938852308,2.783003977058156,0.7551855589840576,1.6,0.1443300994645097,1.0,A,II
D10-PW10-PHI35-PRE2-S187-S20-20230308,10.006857661248356,1.773,0.866,0.0,0.001500426927372,0.0067513753509521,8.341828660593828e-05,,28.217,28.469,10805.64306958385,14616.893794104844,0.349,2.011,0.6678980117601777,0.4784154167961886,0.3437833606483553,0.6770314452406669,0.01,0.02,16.554593159119758,0.0940205448886535,0.0,0.8660254037844384,0.0089292082960633,9.402054488865351,0.7509325558362951,1.6,0.3488791599782134,1.0,A,I
D10-PW10-PHI35-PRE2-S187-S202-20230308,10.005572092249317,1.766,0.866,0.282,0.0015019791661043,0.0067423819351196,8.340756995873054e-05,,28.233,28.431,10816.145140178149,14597.422827488888,0.349,2.009,0.6676249367530598,0.4785819688700548,0.3440456580816938,0.677366679841748,0.01,0.02,16.56279022658652,0.0952547254345241,0.3213726143104716,0.5844948295678469,0.0070423199791145,9.525472543452416,0.752525811834283,1.6,0.3183456690884179,1.0,A,I
D10-PW10-PHI35-PRE2-S187-S204-20230308,10.006309151808768,1.756,0.866,0.566,0.0015023531854146,0.0067258563280105,8.341371416979634e-05,,28.237,28.362,10818.736558288614,14561.644481383106,0.35,2.008,0.6675837433774607,0.4786070958469996,0.3440852260764956,0.6774172349526324,0.01,0.02,16.564026386736376,0.08985518554634,0.6463709791604255,0.2997880057708838,0.0043989180335588,8.985518554634004,0.7545344835818297,1.6,0.2592842333018809,1.0,A,I
D10-PW10-PHI35-PRE2-S187-S206-20230308,10.0080003892475,1.751,0.866,0.849,0.0015020836705544,0.0067155270528793,8.342781251456737e-05,,28.237,28.318,10816.998402800731,14539.281346508393,0.35,2.009,0.6676656029451723,0.4785571641285262,0.3440065965762583,0.6773167678566426,0.01,0.02,16.561569791977476,0.0827586474075837,0.9690116969202032,0.0171465407180734,0.0028875867252546,8.275864740758374,0.7556155132500969,1.6,0.2077431727213489,1.0,A,I
D10-Db20-PW10-PHI35-PRE2-S187-S209-20230424,10.016016626161518,2.344,0.866,0.952,0.001394660062541,0.0073320692777633,8.349463676360052e-05,0.0039779197645187,27.087,30.918,10086.070332308647,15874.110437212115,0.33,2.175,0.6850849442853799,0.4679925727504266,0.3272844044099528,0.6555777353316715,0.01,0.02,16.030012740006512,0.0882608695652173,1.0867523636490304,0.0859972743948962,0.1414498656132085,8.826086956521731,0.6531492980285929,1.6,0.1811118508266096,1.0,A,I
D10-Db20-PW10-PHI35-PRE3-S187-S20-20230424,10.011674259764758,3.563,0.866,0.0,0.0010329276279546,0.0071956924295425,8.345843831080993e-05,0.0,23.176,30.343,7633.285226010738,15578.85120441928,0.35,3.003,0.7501804350382034,0.4295534562359253,0.2649664254822268,0.5674571222385765,0.01,0.02,13.875310903122372,0.140869565217391,0.0,0.8660254037844384,0.3092126704346407,14.0869565217391,0.5298019272817848,1.6,0.3500422412913358,1.0,A,I
D10-Db20-PW10-PHI35-PRE4-S10-S20-20230424,10.026695419313542,5.605,0.0,0.0,0.0007918182359428,0.0074484205675125,8.358365637973944e-05,0.0,20.592,31.409,6011.666102786121,16126.013843061204,0.35,4.032,0.8012621886890907,0.4004907355630178,0.2162537471623876,0.489602058035149,0.01,0.02,11.971619542366248,0.148608695652173,0.0,0.0,0.5253038845374779,14.8608695652173,0.4223985794248953,1.6,0.3500734482760921,1.0,A,I
D10-Db20-PW10-PHI35-PRE4-S10-S2065-20230424,10.02401572215555,5.636,0.0,0.657,0.0007919623663074,0.007469621682167,8.356131812400424e-05,0.0027964138698577,20.59,31.498,6012.444547957411,16171.914778072667,0.349,4.03,0.801182187926928,0.400535522106134,0.2163299078538838,0.4897307271523562,0.01,0.02,11.97476572546082,0.148608695652173,65.69323906042104,0.6569323906042104,0.5297690358547135,14.8608695652173,0.421221003744791,1.6,0.2406035749542749,1.0,A,I
D10-Db20-PW10-PHI35-PRE4-S10-S2102-20230424,10.028563779592153,6.008,0.0,1.018,0.0007920917344065,0.0077138126516342,8.359923124034803e-05,0.0044730775928497,20.597,32.528,6013.630745201721,16700.594236796238,0.339,4.031,0.801233875589518,0.4005065857277394,0.2162807011746474,0.4896475979207451,0.01,0.02,11.972733071558809,0.139739130434782,101.7548643307023,1.017548643307023,0.579252904052446,13.9739130434782,0.4079879514636423,1.6,0.1774748709055648,1.0,A,I
D10-Db20-PW10-PHI35-PRE4-S129-S20-20230424,10.013279792603564,5.478,0.289,0.0,0.0007984730429155,0.0074049393749237,8.347182221243384e-05,0.0,20.647,31.225,6055.348878342767,16031.875990983108,0.351,3.988,0.7995291311184671,0.4014614513077862,0.2179037082089706,0.4923844354580758,0.01,0.02,12.039653496439534,0.148347826086956,0.0,0.2886751345948128,0.5123071843649903,14.834782608695598,0.4272374857931182,1.6,0.3511858027893258,1.0,A,I
D10-Db20-PW10-PHI35-PRE4-S129-S2059-20230424,10.011777105284684,5.455,0.289,0.592,0.000797828552139,0.0073843671417236,8.345929564258656e-05,0.0024912563371658,20.639,31.139,6050.9216964514335,15987.33659979808,0.352,3.991,0.7996467804422992,0.4013955204024714,0.2177916938910411,0.4921958826699283,0.01,0.02,12.035043053721193,0.0798260869565217,1.9820924251201688,0.3033265872573125,0.5087460064074985,7.98260869565217,0.4281639147295822,1.6,0.2555945541649986,1.0,A,II
D10-Db20-PW10-PHI35-PRE4-S129-S2145-20230424,10.01086292288537,5.509,0.289,1.446,0.000797955544926,0.0074216211748123,8.34516749156833e-05,0.0061175203895568,20.639,31.296,6051.709345568288,16067.992498300682,0.35,3.99,0.79960195999614,0.4014206372907827,0.2178343674852904,0.4922677206162075,0.01,0.02,12.036799616111905,0.0333043478260869,4.842787461795362,1.157745062370989,0.5163375681332628,3.3304347826086897,0.4260513956397647,1.6,0.1389889630049946,1.0,A,II
D10-Db20-PW10-PHI35-PRE4-S16-S20-20230405,10.058926062529482,5.471,0.596,0.0,0.000805678768768,0.0074567830467224,8.385233463262322e-05,0.0,20.78,31.444,6106.867129909241,16144.118816361084,0.35,3.969,0.7987341956247674,0.401907062529396,0.2186605920138423,0.4936571966421495,0.01,0.02,12.070774715016864,0.1264106607581193,0.0,0.595876796297105,0.5131762332603534,12.641066075811937,0.4275436226718759,1.6,0.350256009511656,1.0,A,I
D10-Db20-PW10-PHI35-PRE4-S16-S2056-20230405,10.051801153454802,5.414,0.596,0.561,0.0008054755129571,0.0074151309537887,8.379294059232079e-05,0.0023724922800064,20.769,31.268,6105.005826916658,16053.941010052697,0.352,3.967,0.7986523179041484,0.4019529727859349,0.2187385527211575,0.493788165828021,0.01,0.02,12.073977138779783,0.053593676241503,0.9266580373827444,0.0344361933446847,0.5055029505185065,5.359367624150302,0.4297797368151648,1.6,0.2617156489154431,1.0,A,II
D10-Db20-PW10-PHI35-PRE4-S187-S20-20230424,10.011314300445031,5.486,0.866,0.0,0.0007957078709496,0.0073914985752105,8.345543764959178e-05,0.0,20.615,31.169,6036.6684002766015,16002.776328810274,0.352,4.003,0.8001144099679094,0.4011335081410623,0.2173464709352398,0.4914459531598547,0.01,0.02,12.016705976433926,0.135826086956521,0.0,0.8660254037844384,0.511920853487303,13.582608695652102,0.4269392003398784,1.6,0.3518183265644422,1.0,A,II
D10-Db20-PW10-PHI35-PRE4-S187-S206-20230424,10.01451965248264,5.591,0.866,0.602,0.0007955701776711,0.0074618675327301,8.348215782329642e-05,0.0025591015481948,20.618,31.465,6035.969541471386,16155.12685370292,0.349,4.005,0.8002025150517897,0.4010841515923013,0.217262588980504,0.4913045755509954,0.01,0.02,12.01324904867536,0.0505217391304347,0.6869752942547661,0.2642175942449735,0.5261397323335555,5.05217391304347,0.4229006115013718,1.6,0.2513345511336379,1.0,A,II
D10-Db20-PW10-PHI35-PRE4-S187-S2107-20230424,10.013245510763586,5.518,0.866,1.073,0.000795491735734,0.0074122002840042,8.347153643517494e-05,0.0045317814159393,20.615,31.256,6035.354326225794,16047.596037841922,0.351,4.005,0.800197400300514,0.401087016805905,0.2172674585536137,0.4913127836614113,0.01,0.02,12.01344975121214,0.0399130434782608,1.224680893731115,0.2068261706534486,0.5161563475201069,3.99130434782608,0.4256888271398612,1.6,0.1766834132288558,1.0,A,II
D10-Db20-PW10-PHI35-PRE6-S10-S20-20230424,10.020227578838377,9.588,0.0,0.0,0.000557942700743,0.0076583683252334,8.352973973689875e-05,0.0,18.059,32.294,4449.769262394672,16580.555905588466,0.351,6.015,0.8574480039704419,0.3695829348028737,0.162865074819364,0.393369061036007,0.01,0.02,9.61855584790626,0.14895652173913,0.0,0.0,0.7882214456988923,14.895652173913,0.3229505351205112,1.6,0.3508746104035966,1.0,A,I
LFNO10-PHI035-PRE6-20221124,10.062308537406956,9.544,0.0,0.0,0.0005651988573185,0.0077176743125915,8.388053132216536e-05,0.0,18.188,32.544,4501.121003723095,16708.954827808888,0.35,5.954,0.856189324825752,0.3702635853564318,0.1640589048768321,0.3956613089241325,0.01,0.02,9.67460528471533,0.1500968040610258,0.0,0.0,0.7893001816535209,15.009680406102587,0.3236948527975123,1.6,0.3495027397175433,1.0,A,I
LFNO10-PHI045-PRE6-20221124,10.064165470405571,5.571,0.0,0.0,0.0005626320181372,0.0058791455459594,8.389601092368765e-05,0.0,18.163,24.791,4484.191727104467,12728.494799693626,0.451,5.987,0.8568730667453974,0.3698937754992115,0.1634103779796019,0.3944169354383326,0.01,0.02,9.64417819459976,0.1563594256706957,0.0,0.0,0.3649595248307314,15.635942567069568,0.4236578048783231,1.6,0.4507946850453592,1.0,A,I
LFNO10-PHI04-PRE6-20221124,10.0663995036439,7.169,0.0,0.0,0.0005654764974974,0.0066920364809036,8.391463407505751e-05,0.0,18.196,28.219,4503.269162136093,14488.423680050351,0.4,5.953,0.8561770888960688,0.3702702047257291,0.1640705108836685,0.3956835598011857,0.01,0.02,9.67514935725382,0.1520237645563089,0.0,0.0,0.5508371543656285,15.202376455630889,0.3734779908910006,1.6,0.3996230745732412,1.0,A,I
D10-Db20-PW10-PHI35-PRE6-S10-S2062-20230424,10.02131888407756,9.639,0.0,0.622,0.0005579404945609,0.0076790248203277,8.353883697963954e-05,0.0027218133211135,18.061,32.381,4449.835251801893,16625.27772584827,0.35,6.016,0.8574642269979144,0.3695741653991937,0.1628496882803649,0.3933394729522837,0.01,0.02,9.617832367938174,0.0997391304347826,62.19709466627884,0.6219709466627884,0.7929169387161378,9.97391304347826,0.3220926417267101,1.6,0.2481050319754719,1.0,A,I
D10-Db20-PW10-PHI35-PRE6-S10-S2091-20230424,10.023147248876196,9.675,0.0,0.919,0.0005581448114847,0.007695838150978,8.355407843344612e-05,0.0040302772283554,18.065,32.452,4451.328678931047,16661.6790005021,0.349,6.014,0.8574378200370804,0.3695884398019307,0.1628747336592977,0.3933876342580899,0.01,0.02,9.61900999540177,0.0710434782608695,91.8960469005716,0.918960469005716,0.7964047236497638,7.10434782608695,0.3214869671395425,1.6,0.1964713901346853,1.0,A,I
D10-Db20-PW10-PHI35-PRE6-S129-S20-20230424,10.012708428603988,9.655,0.289,0.0,0.0005592148519789,0.0076948783874511,8.346705925811928e-05,0.0,18.064,32.448,4457.671121837462,16659.601088845415,0.349,5.994,0.8570122616772513,0.3698185094174805,0.1632783556750822,0.3941633677379576,0.01,0.02,9.63797802450794,0.148695652173913,0.0,0.2886751345948128,0.7962789215755308,14.8695652173913,0.3218263236445737,1.6,0.3489873455563383,1.0,A,I
D10-Db20-PW10-PHI35-PRE6-S129-S2057-20230424,10.009823040406143,9.508,0.289,0.572,0.000558695503535,0.0076304509210586,8.344300633883081e-05,0.0024864719057083,18.055,32.176,4454.005120611009,16520.114038469837,0.352,5.998,0.8571045622095117,0.3697686038451316,0.1631908120059621,0.3939951814231642,0.01,0.02,9.633865577389113,0.0798260869565217,1.9144856689390417,0.2831341302553958,0.7821341323289139,7.98260869565217,0.3243114448019369,1.6,0.2594721302504336,1.0,A,I
D10-Db20-PW10-PHI35-PRE6-S16-S20-20230405,10.0523325219744,9.481,0.596,0.0,0.0005613876211087,0.0076549567461013,8.379737013983329e-05,0.0,18.135,32.28,4475.044179814067,16573.169752804533,0.352,5.994,0.8570225901531703,0.3698129248174938,0.1632685594678024,0.394144549384005,0.01,0.02,9.637517883113034,0.1330444114662008,0.0,0.595876796297105,0.7799585323020216,13.304441146620087,0.3247693871410328,1.6,0.352008958020951,1.0,A,I
D10-Db20-PW10-PHI35-PRE6-S16-S206-20230405,10.056772020251088,9.661,0.596,0.6,0.0005608317132519,0.0077233321905136,8.383437829485735e-05,0.0026393106508255,18.134,32.568,4471.676389660812,16721.204272757175,0.349,6.004,0.857228788729484,0.3697014408409673,0.1630729885579868,0.3937687643207236,0.01,0.02,9.62832928650998,0.0549821356920317,0.9897358689440268,0.0037812011590333,0.7959236287333238,5.498213569203172,0.3217288264673593,1.6,0.2520159222269733,1.0,A,II
D10-Db20-PW10-PHI35-PRE6-S16-S209-20230512,10.05496079637244,9.622,0.596,0.901,0.0005604353809946,0.0077036580657958,8.381927972968023e-05,0.0039544333028793,18.128,32.485,4468.907664773727,16678.60930853996,0.35,6.008,0.8573045837179801,0.3696604648505715,0.1630011007886589,0.3936305873707558,0.01,0.02,9.62495062041291,0.0405342543329631,1.4866912015825635,0.3048749060008321,0.7919865334255015,4.05342543329631,0.3223791050798372,1.6,0.1995527042421999,,,
D10-Db20-PW10-PHI35-PRE6-S187-S20-20230424,10.009068839926709,9.544,0.866,0.0,0.0005587036026123,0.0076450220632553,8.343671923913561e-05,0.0,18.054,32.238,4454.003237784872,16551.660919938557,0.351,5.997,0.8570916258923079,0.3697755981546427,0.1632030815958848,0.3940187556173295,0.01,0.02,9.63444200732631,0.148260869565217,0.0,0.8660254037844384,0.7856182536785866,14.8260869565217,0.3236883274336266,1.6,0.3510230571052917,1.0,A,I
D10-Db20-PW10-PHI35-PRE6-S187-S2056-20230424,10.013171233443645,9.637,0.866,0.562,0.000558530228641,0.0076816759872436,8.347091725111408e-05,0.0024614892816543,18.057,32.392,4453.153737370764,16631.017567469527,0.35,6.003,0.8571952941772688,0.3697195491460008,0.163104756587147,0.3938298183787163,0.01,0.02,9.629822164127244,0.0561739130434782,0.6418641185792123,0.3037361301313412,0.7938757022356216,5.617391304347819,0.3221210885302832,1.6,0.2598975860545601,1.0,A,II
D6-Db15-PW10-PHI35-PRE2-S129-S207-20230329,9.999927015933531,0.578,0.289,0.702,0.0015006579038615,0.0067334974431991,8.33605119701028e-05,0.0034018355798721,78.365,45.148,18011.35650495371,20282.695907928024,0.349,2.009,0.6676991103255461,0.4785367264714789,0.3439744114760596,0.6772756394104953,0.006,0.015,16.56056413013116,0.0704094629201284,2.350674248531236,0.4134128129738146,0.4238766264721758,11.734910486688063,1.3152988497328648,1.7241379310344829,0.2225231933951764,1.0,A,I
D6-Db15-PW10-PHI35-PRE2-S129-S208-20230522,10.009463081086412,0.574,0.289,0.798,0.001505690352815,0.0067314689922332,8.344000567761264e-05,0.0038672160768508,78.548,45.134,18069.43303494413,20276.585791387228,0.35,2.004,0.6671363251147042,0.4788800540679812,0.3445149974430331,0.67796608106014,0.006,0.015,16.577446626048193,0.0266497231919181,2.6730582267771936,0.5097008910676373,0.4253899881243322,4.4416205319863655,1.3194350065103029,1.7241379310344829,0.2054757759554237,,,
D6-Db15-PW10-PHI35-PRE2-S129-S2088-20230329,10.000526948133086,0.574,0.289,0.882,0.0015006433808661,0.0067122346735,8.336551307213309e-05,0.0042578994321823,78.367,45.006,18011.249708255225,20218.648019649303,0.35,2.009,0.6677154774432379,0.4785267435942087,0.3439586902696648,0.6772555487352118,0.006,0.015,16.560072878272845,0.0258244872309289,2.951536088803329,0.5928753039899691,0.4257073641562739,4.304081205154832,1.3194722060384174,1.7241379310344829,0.1925522658390273,1.0,A,II
D6-Db15-PW10-PHI35-PRE2-S16-S20-20230329,9.994830449057336,0.568,0.596,0.0,0.0015037701014221,0.0066870896911621,8.3318026417617e-05,0.0,78.442,44.837,18046.20777922107,20142.906098801614,0.351,2.004,0.6670924070442724,0.4789068516571091,0.3445571840085892,0.6780199301312626,0.006,0.015,16.578763329239305,0.0313783250330437,0.0,0.595876796297105,0.4284039710037715,5.229720838840633,1.3264449629717885,1.7241379310344829,0.3510748247423529,0.0,C,V
D6-Db15-PW10-PHI35-PRE2-S16-S20-20230512,10.042996434221374,0.575,0.596,0.0,0.0015023723187539,0.0067253281497955,8.371954346633356e-05,0.0,78.56,45.093,18035.00167086163,20258.08829571964,0.351,2.016,0.6684401776237209,0.4780848310390758,0.3432626069124058,0.6763653531155333,0.006,0.015,16.5383060513117,0.0335919887624406,0.0,0.595876796297105,0.4260047481202544,5.598664793740108,1.3192879154045407,1.7241379310344829,0.3511882782460191,,,
D6-Db15-PW10-PHI35-PRE2-S1m6-S20-20230331,10.078580984114806,0.586,-0.596,0.0,0.0014962023689588,0.0067763538646697,8.401618026104373e-05,0.0,78.494,45.435,17968.399484055026,20411.78837016234,0.351,2.032,0.6702341539056954,0.476991791125744,0.3415396162261619,0.6741564307996251,0.006,0.015,16.48429406927302,0.0326125112112915,-0.0,0.595876796297105,0.4211614311120719,5.435418535215256,1.306111001566186,1.7241379310344829,0.3505148025277659,0.0,C,V
D6-Db15-PW10-PHI35-PRE2-S16-S2084-20230329,9.992007910899448,0.566,0.596,0.837,0.0015033889731694,0.0066741791248321,8.329449742330316e-05,0.0040181229639053,78.421,44.75,18041.6059824778,20104.016785620974,0.352,2.004,0.6670855985488143,0.4789110060814383,0.3445637240848115,0.678028277801331,0.006,0.015,16.57896744425166,0.030298412127077,1.3808927281757009,0.2407740658799576,0.4293558818585841,5.049735354512838,1.328665829994611,1.7241379310344829,0.2002884218195799,0.0,B,III
D6-Db15-PW10-PHI35-PRE2-S16-S2085-20230512,10.0406881236631,0.579,0.596,0.849,0.0015021074838243,0.0067503888702392,8.370030113090278e-05,0.0041256246995925,78.545,45.261,18031.770311423203,20333.576402202405,0.35,2.016,0.6684276028969471,0.4780924971499333,0.3432746848025779,0.6763808098766085,0.006,0.015,16.538683995930015,0.0306608099659978,1.401830498463532,0.2534597750635534,0.4237511123926184,5.110134994332972,1.314143364626264,1.7241379310344829,0.1974016189051693,,,
D6-Db15-PW10-PHI35-PRE2-S16-S2092-20230512,10.04025960066342,0.572,0.596,0.924,0.0015024851453008,0.0067130485200881,8.369672891516688e-05,0.0044649987268447,78.555,45.011,18036.01742054686,20221.099494978745,0.352,2.015,0.6683585787363651,0.4781345784640048,0.3433409819496187,0.67646564730649,0.006,0.015,16.540758418242635,0.0183190045072912,1.5255840204136466,0.3284391624731725,0.4270108654463213,3.053167417881874,1.3217024489864548,1.7241379310344829,0.1868898038513542,,,
D6-Db15-PW10-PHI35-PRE2-S16-S2097-20230329,9.993362043578433,0.571,0.596,0.976,0.0015033920406985,0.0067018478536605,8.330578562502862e-05,0.0047060226821899,78.425,44.936,18041.7719145622,20187.360756227627,0.35,2.004,0.6671169783253316,0.4788918588473833,0.344533581454539,0.6779898032055868,0.006,0.015,16.578026673650847,0.0167223641663519,1.6106234936879982,0.3799626060994299,0.4270238825159479,2.7870606943919918,1.3232206467086982,1.7241379310344829,0.179029254146919,0.0,B,III
D6-Db15-PW10-PHI35-PRE2-S1m6-S210-20230331,10.07748967887562,0.578,-0.596,0.982,0.0014960309134321,0.0067274655246734,8.400708301830294e-05,0.0047534621286392,78.485,45.108,17966.346607920048,20264.52651375656,0.353,2.032,0.6702356326527923,0.4769908906799051,0.3415381960768311,0.6741546069169564,0.006,0.015,16.484249472178213,0.0156424512603851,-1.6759889749723558,1.5777998475831776,0.4252731851612334,2.607075210064197,1.3154535002465848,1.7241379310344829,0.1793202355118246,0.0,B,III
D6-Db15-PW10-PHI35-PRE2-S187-S20-20230331,10.017667868120286,0.564,0.866,0.0,0.0015079865511156,0.0066783696126937,8.350840170156958e-05,0.0,78.644,44.778,18096.305760654235,20116.63940732988,0.352,2.003,0.6669706881199339,0.4789811252066982,0.3446741047163605,0.6781691494388887,0.006,0.015,16.582412000134287,0.0287556794042673,0.0,0.8660254037844384,0.4306202034224403,4.79261323404456,1.3317544900035925,1.7241379310344829,0.352080847128071,0.0,C,V
D6-Db15-PW10-PHI35-PRE2-S1m29-S20-20230331,10.074735704397677,0.564,0.866,0.0,0.001516508258307,0.0067162463617324,8.39841255785068e-05,0.0,79.09,45.032,18198.61316823663,20230.732059657035,0.352,2.003,0.6669813661502343,0.478974609177157,0.3446638475808155,0.6781560602587653,0.006,0.015,16.582091946976853,0.1018812104654456,0.0,0.8660254037844384,0.4306195827864756,16.98020174424094,1.3317401863797167,1.7241379310344829,0.3520910833101031,,,
D6-Db15-PW10-PHI35-PRE2-S1m87-S20-20230331,10.041659442462372,0.575,-0.866,0.0,0.0014937346051234,0.0066950452470779,8.37083981532375e-05,0.0,78.297,44.89,17936.78921872434,20166.869889206297,0.353,2.028,0.669761132617441,0.4772798703379913,0.3419939004958788,0.674739591419539,0.006,0.015,16.4985533579323,0.0272129466814576,-0.0,0.8660254037844384,0.4266665131901119,4.535491113576282,1.3192223376387502,1.7241379310344829,0.3528272271715008,0.0,C,V
D6-Db15-PW10-PHI35-PRE2-S1m29-S2081-20230331,10.072775925879135,0.565,0.866,0.811,0.0015149628762688,0.0067194400930404,8.396778864520789e-05,0.0039230981540679,79.037,45.054,18180.87220980424,20240.352243146808,0.352,2.005,0.6671753362136494,0.4788562512244403,0.3444775244918305,0.6779182447995161,0.006,0.015,16.5762769465031,0.0366236162905966,0.926186156743109,0.0546628018439991,0.429967708668821,6.103936048432778,1.329983982463113,1.7241379310344829,0.2046735567860265,,,
D6-Db15-PW10-PHI35-PRE2-S187-S2082-20230331,10.01420540228287,0.573,0.866,0.823,0.0015072877027949,0.0067311031723022,8.34795381984234e-05,0.0039853430318832,78.612,45.132,18088.033582586344,20275.483865607835,0.35,2.003,0.6669983975566001,0.4789642162362333,0.3446474875147254,0.678135182532939,0.006,0.015,16.581581450367615,0.0265958535923338,0.9392509844877572,0.0432176808436196,0.4258869634711831,4.432642265388971,1.3207418445460586,1.7241379310344829,0.201486316451774,0.0,C,V
D6-Db15-PW10-PHI35-PRE2-S1m87-S2086-20230331,10.041665156102368,0.577,-0.866,0.858,0.0014935353014422,0.0067064596509933,8.370844578278065e-05,0.0041404568481445,78.291,44.967,17934.526787287847,20201.25244976111,0.352,2.028,0.6697925307974353,0.4772607454644325,0.341963745594475,0.6747008986309451,0.006,0.015,16.49760725213785,0.021042015790219,-1.0022756784541569,1.72399884613648,0.4256453347438513,3.5070026317031706,1.3168390572464754,1.7241379310344829,0.1973274162892789,0.0,C,IV
D6-Db15-PW10-PHI35-PRE2-S187-S2099-20230331,10.014988170962289,0.576,0.866,0.997,0.0015074997448575,0.0067506765937805,8.348606344583433e-05,0.0048440148925781,78.621,45.263,18090.51757572195,20334.44308539969,0.349,2.003,0.6669837003051035,0.4789731848173528,0.3446616054320517,0.6781531990054522,0.006,0.015,16.582021984370456,0.0202706494288141,1.13830951163386,0.1311626457762806,0.4242831896300695,3.3784415714690312,1.3170801506127467,1.7241379310344829,0.1754150259461231,0.0,B,III
D6-Db15-PW10-PHI35-PRE2-S1m87-S2102-20230331,10.039242572744175,0.577,-0.866,1.02,0.0014931205142308,0.0067092402935028,8.368825085648697e-05,0.0049254920339584,78.27,44.985,17929.581582303486,20209.62832380336,0.352,2.028,0.6698010776479563,0.4772555395800361,0.3419555371859012,0.674690365727143,0.006,0.015,16.497349704370382,0.0140997185375755,-1.191814100938986,1.8862485507767213,0.4252565462849069,2.349953089595919,1.315938002201867,1.7241379310344829,0.174040429171076,0.0,B,III
D6-Db15-PW10-PHI35-PRE4-S129-S20-20230329,10.001641107932247,1.801,0.289,0.0,0.0008003736449797,0.0074267303228378,8.337480083304642e-05,0.0,57.372,49.796,10112.135289008507,22370.85764106861,0.35,3.973,0.7988947882161359,0.4018170223473237,0.2185076833757986,0.493400250153671,0.006,0.015,12.064491927695348,0.1054294957279078,0.0,0.2886751345948128,0.1320488547956724,17.57158262131798,0.7451807202457658,1.7241379310344829,0.3497529575688184,1.0,A,I
D6-Db15-PW10-PHI35-PRE4-S129-S2067-20230329,9.999321370093988,1.8,0.289,0.672,0.0008002803213317,0.0074240462732315,8.33554632385294e-05,0.0035880687522888,57.362,49.778,10110.821786827792,22362.77272495687,0.35,3.972,0.7988740991835608,0.4018286216514018,0.2185273823980412,0.493433357397419,0.006,0.015,12.065301457230085,0.0401719015530589,2.248743474507153,0.3829686253228181,0.1322031319306261,6.695316925509817,0.7453382035566503,1.7241379310344829,0.2286172533389477,1.0,A,II
D6-Db15-PW10-PHI35-PRE4-S16-S20-20230329,9.986979907703198,1.818,0.596,0.0,0.000791806741636,0.0074031616544723,8.32525834253351e-05,0.0,57.066,49.638,10014.676052767876,22299.863906023143,0.351,4.014,0.8005574099430216,0.4008853668319342,0.2169247102113039,0.4907348211712555,0.006,0.015,11.999317565841697,0.0267501268646147,0.0,0.595876796297105,0.1301668529172802,4.458354477435798,0.741557261740767,1.7241379310344829,0.3506185587296958,0.0,C,V
D6-Db15-PW10-PHI35-PRE4-S1m6-S20-20230331,10.07822673843507,1.886,-0.596,0.0,0.000771385794883,0.0074218492984771,8.401322722936871e-05,0.0,56.758,49.763,9797.267412990735,22356.154979686245,0.354,4.175,0.8067808378706119,0.397406675849729,0.2110009764388352,0.4806719762366034,0.006,0.015,11.753263553007391,0.0267501268646147,-0.0,0.595876796297105,0.1232407870091726,4.458354477435798,0.7281171679868033,1.7241379310344829,0.3539308288972066,0.0,C,V
D6-Db15-PW10-PHI35-PRE4-S16-S2072-20230329,9.990276677980738,1.832,0.596,0.722,0.0007945542389314,0.0074487185668945,8.328006567173005e-05,0.0038700624847412,57.16,49.944,10045.766030667735,22437.090809123325,0.349,4.0,0.7999977660596078,0.4011988563714417,0.2174575245252375,0.4916330840548066,0.006,0.015,12.02128165139734,0.0235103881467144,1.191711112711168,0.1261533147839956,0.1262440261805459,3.918398024452415,0.7389032899187828,1.7241379310344829,0.2183506685145556,0.0,C,IV
D6-Db15-PW10-PHI35-PRE4-S1m6-S2076-20230331,10.079140920834387,1.913,-0.596,0.756,0.0007713060709634,0.0074737546253204,8.4020847956272e-05,0.0040662878847122,56.759,50.112,9796.484824259314,22512.5046284749,0.352,4.176,0.8068147848068306,0.3973877378789376,0.2109686709874703,0.4806167120078885,0.006,0.015,11.751912246758533,0.0201163761565332,-1.290541240592877,1.3519749638249512,0.1171193591666886,3.352729359422203,0.7230272204510365,1.7241379310344829,0.2140702650538214,0.0,C,IV
D6-Db15-PW10-PHI35-PRE4-S16-S2076-20230329,9.985540070424276,1.82,0.596,0.766,0.0007943421199154,0.0074222459459304,8.324058078046244e-05,0.0040912335157394,57.138,49.766,10042.842676173726,22357.349764379636,0.35,3.999,0.7999607241932024,0.4012196095972814,0.2174927912904991,0.4916925001444317,0.006,0.015,12.022734477846928,0.0196535563396903,1.2643098025432102,0.1701391763948007,0.1290115938408844,3.27559272328172,0.7412959472491034,1.7241379310344829,0.2110572970329007,0.0,B,III
D6-Db15-PW10-PHI35-PRE4-S187-S20-20230331,10.015125298322184,1.789,0.866,0.0,0.0008047227798466,0.0074328608894348,8.348720655486983e-05,0.0,57.548,49.837,10162.323435031412,22389.324183764864,0.35,3.955,0.7981637010567731,0.4022269978830497,0.219203803093266,0.494569261387873,0.006,0.015,12.093076280042194,0.0267501268646147,0.0,0.8660254037844384,0.1339801024857127,4.458354477435798,0.7477267153430228,1.7241379310344829,0.3497792106865168,0.0,C,V
D6-Db15-PW10-PHI35-PRE4-S1m29-S20-20230331,10.073787240158383,1.827,0.866,0.0,0.0007975244358941,0.0074768538188934,8.397621907434464e-05,0.0,57.527,50.132,10088.708272283357,22521.840044628418,0.35,4.021,0.800817692529249,0.4007396047792027,0.2166769124620713,0.4903166806102619,0.006,0.015,11.989093303853224,0.1131431593419562,0.0,0.8660254037844384,0.1285497477593407,18.85719322365937,0.7398657818831146,1.7241379310344829,0.3502684376687072,,,
D6-Db15-PW10-PHI35-PRE4-S1m87-S20-20230331,10.040008200503603,1.837,-0.866,0.0,0.0007924265634711,0.0074554081392288,8.369463321526846e-05,0.0,57.262,49.988,10027.796646243309,22457.241193459995,0.35,4.034,0.8013616732549899,0.4004350446123129,0.216159038465047,0.4894420210465873,0.006,0.015,11.967706360408936,0.0278300397705815,-0.0,0.8660254037844384,0.127019201063123,4.638339961763593,0.7379095700402925,1.7241379310344829,0.3502168774476266,0.0,C,V
D6-Db15-PW10-PHI35-PRE4-S1m29-S2071-20230331,10.073050180598932,1.799,0.866,0.707,0.0007951959516714,0.0074035007572174,8.397007486327888e-05,0.0037647248411178,57.455,49.64,10062.602881793338,22300.885354077083,0.354,4.033,0.8013255237415493,0.4004552805221271,0.2161934525077046,0.4895001773673624,0.006,0.015,11.969128383325051,0.0421774540927114,0.8066744697791396,0.1593580756735698,0.1360136946017602,7.029575682118579,0.7456358418657492,1.7241379310344829,0.2242760483513892,,,
D6-Db15-PW10-PHI35-PRE4-S187-S2076-20230331,10.0141654068029,1.768,0.866,0.759,0.0008042749720989,0.0073860975933074,8.347920479162137e-05,0.0040334504079818,57.531,49.524,10157.205534921928,22248.463401830388,0.352,3.957,0.7982465142731305,0.4021805488169264,0.2191249490760345,0.4944369354447369,0.006,0.015,12.089840681210834,0.0202706494288141,0.8662911498478253,0.1071323494441117,0.139179831014811,3.3784415714690312,0.752142669108014,1.7241379310344829,0.2136133860260492,0.0,B,III
D6-Db15-PW10-PHI35-PRE4-S1m87-S208-20230331,10.041076651182808,1.812,-0.866,0.799,0.0007901100474319,0.0073908121490478,8.370353993983668e-05,0.0042512427425384,57.196,49.555,10002.038206978505,22262.66462507719,0.353,4.048,0.8019012086230752,0.4001330761135095,0.2156454150474843,0.4885734898948008,0.006,0.015,11.946469267265153,0.0194992830674093,-0.9338045473918848,1.6653858185213215,0.1335858860166665,3.249880511234892,0.7428423217177323,1.7241379310344829,0.2073956239917548,0.0,B,II
D6-Db15-PW10-PHI35-PRE4-S187-S2104-20230331,10.01186280988462,1.725,0.866,1.042,0.0008047325764042,0.0072991126012802,8.346001008573375e-05,0.0054748754739761,57.537,48.941,10162.053097884778,21986.446499510952,0.355,3.953,0.7981029441670519,0.4022610773254607,0.2192616555470828,0.4946663288202392,0.006,0.015,12.095449747128722,0.01641381762179,1.189888808870417,0.1763474204648529,0.1494068690653849,2.735636270298336,0.7613625511069879,1.7241379310344829,0.1728493086988428,0.0,B,III
D6-Db15-PW10-PHI35-PREinf-S1m87-S2077-20230331,10.044356280540358,42.063,-0.866,0.769,8.373087929760219e-05,0.0091994299983978,8.373087929760219e-05,0.0050907583808898,36.025,61.682,1997.105141005467,27710.59805959075,0.311,65535.0,0.9999847412109376,0.2957746478873239,0.0283018867924528,0.0822027573769803,0.006,0.015,2.01,0.0219676554239048,-0.8983670421528296,1.635050413789946,0.7121929054739254,3.661275903984137,0.1541869818872101,1.7241379310344829,0.1872300596144662,0.0,B,III
D6-Db15-PW10-PHI35-PRE6-S129-S20-20230329,9.99683593669584,3.09,0.289,0.0,0.0005589078478151,0.0075975887823104,8.333474438726109e-05,0.0,50.115,50.942,7424.095545517461,22885.51888598837,0.353,5.986,0.8568627887010735,0.369899333344072,0.1634201264512767,0.3944356554510473,0.006,0.015,9.644635931380826,0.1145316187924849,0.0,0.2886751345948128,0.016489233770038,19.08860313208082,0.5689086119836706,1.7241379310344829,0.3526406348499006,1.0,A,I
D6-Db15-PW10-PHI35-PRE6-S129-S2064-20230329,9.99509327649714,3.126,0.289,0.639,0.000558575797325,0.0076385791110992,8.33202173766017e-05,0.0035127776670455,50.1,51.217,7420.201576683902,23008.990288628924,0.351,5.989,0.8569233116179265,0.3698666061294452,0.1633627220526351,0.3943254150803384,0.006,0.015,9.641940363103126,0.0423317273649924,2.139724760311628,0.3504074461871164,0.0222950935559899,7.055287894165407,0.5655985872816108,1.7241379310344829,0.2357624129677743,1.0,A,II
D6-Db15-PW10-PHI35-PRE6-S129-S208-20230522,10.015890926081616,3.204,0.289,0.802,0.0005550169834983,0.0077062660741806,8.349358891365135e-05,0.0044487361812591,50.062,51.67,7383.332377680811,23212.877510788185,0.349,6.049,0.8581404490478111,0.3692087097881014,0.1622083482409219,0.3921051710933994,0.006,0.015,9.587651546570104,0.0300437196930625,2.6860400400450093,0.5135782358926868,0.0321227181267033,5.007286615510417,0.5586337309537895,1.7241379310344829,0.2043524022801727,,,
D6-Db15-PW10-PHI35-PRE6-S129-S208-20230522-B,10.011582841524827,3.146,0.289,0.807,0.0005550756085577,0.0076348674774169,8.34576762381196e-05,0.0044327860212326,50.05,51.192,7383.450988690952,22997.81007538405,0.352,6.045,0.8580636541929336,0.3692502049105451,0.1622811802823626,0.3922454410488388,0.006,0.015,9.59108139028131,0.0300437196930625,2.701438559401897,0.518177390734166,0.0228178639627841,5.007286615510417,0.5638165965302708,1.7241379310344829,0.2052875466703707,,,
D6-Db15-PW10-PHI35-PRE6-S129-S2093-20230329,9.997732978175168,3.084,0.289,0.934,0.0005589554014323,0.0075916493463516,8.334222222553492e-05,0.0051027728939056,50.12,50.902,7424.732933709896,22867.628068558883,0.353,5.986,0.8568634588139161,0.3698989709799732,0.1634194908655613,0.3944344349482388,0.006,0.015,9.644606087970176,0.0247445743249622,3.127446793586224,0.6454154574176686,0.015605036812444,4.124095720827038,0.5694030291478184,1.7241379310344829,0.1861731584316452,1.0,A,II
D6-Db15-PW10-PHI35-PRE6-S16-S20-20230329,9.98869399970192,3.182,0.596,0.0,0.0005531122220769,0.0076552074766159,8.326687228827877e-05,0.0,49.914,51.328,7358.877980765303,23059.078386837224,0.35,6.054,0.8582434120542647,0.3691530781254306,0.1621106989767066,0.3919170645515398,0.006,0.015,9.583052015347524,0.0293727724933912,0.0,0.595876796297105,0.0283215204840817,4.895462082231871,0.5605642149079404,1.7241379310344829,0.3501031084253418,0.0,C,V
D6-Db15-PW10-PHI35-PRE6-S1m6-S20-20230331,10.083471859951151,3.087,-0.596,0.0,0.0005680079475489,0.007698070063591,8.405695114997627e-05,0.0,50.677,51.616,7535.603463972479,23188.18942085434,0.351,5.934,0.8557758826756499,0.3704872762057812,0.1644510676828702,0.3964128006619273,0.006,0.015,9.692980561180091,0.0298355923102341,-0.0,0.595876796297105,0.0185120173284601,4.972598718372354,0.5691999919893247,1.7241379310344829,0.350964305161384,0.0,C,V
D6-Db15-PW10-PHI35-PRE6-S16-S2068-20230329,9.991122296700109,3.199,0.596,0.679,0.0005530810854289,0.0076749925804138,8.32871148441156e-05,0.0037506716012954,49.922,51.461,7358.8323026345715,23118.67523783852,0.349,6.056,0.8582862843972697,0.3691299149289861,0.1620700393984016,0.3918387264495679,0.006,0.015,9.581136512875489,0.0259787605032099,1.12089686294797,0.0832486040052862,0.0308311995050113,4.3297934172016594,0.559143565404591,1.7241379310344829,0.2268717185254378,0.0,C,IV
D6-Db15-PW10-PHI35-PRE6-S1m6-S2075-20230331,10.079369466434215,3.07,-0.596,0.742,0.000558514838118,0.0075906567001342,8.40227531379978e-05,0.0040542569303512,50.379,50.895,7429.907829986399,22864.63801152828,0.356,6.049,0.858145508840922,0.3692059758623816,0.1622035495593194,0.3920959282340891,0.006,0.015,9.587425542628065,0.0218133821516238,-1.2669063638606155,1.3381278379641768,0.0102480190003354,3.635563691937309,0.5707229890833626,1.7241379310344829,0.2191382686850886,0.0,C,IV
D6-Db15-PW10-PHI35-PRE6-S16-S2075-20230329,9.98643139826361,3.205,0.596,0.751,0.0005529957402906,0.0076812711191177,8.324801098919316e-05,0.0041506833648681,49.903,51.503,7357.308647800388,23137.587503321924,0.349,6.054,0.8582411310307737,0.3691543105407369,0.162112862273279,0.3919212323137899,0.006,0.015,9.583153924363597,0.0213505623347809,1.239427386189478,0.1550634976902706,0.0320509569033249,3.558427055796826,0.5585415206074738,1.7241379310344829,0.2132767497538878,0.0,B,III
D6-Db15-PW10-PHI35-PRE6-S16-S209-20230512,10.03763132626538,3.136,0.596,0.9,0.0005625115297783,0.0076972438859939,8.367481932531994e-05,0.0049872888851165,50.36,51.61,7469.050933476251,23185.70080195931,0.35,5.97,0.8565231445322834,0.370083015528075,0.1637422743258649,0.3950540200564406,0.006,0.015,9.659756018547007,0.0187818222119927,1.48615414007629,0.3045495128959966,0.0248288547895049,3.1303037019987903,0.5647212183777,1.7241379310344829,0.189327672789157,,,
D6-Db15-PW10-PHI35-PRE6-S187-S20-20230331,10.01150856420488,3.125,0.866,0.0,0.000558287217195,0.0076386448764801,8.34570570540587e-05,0.0,50.146,51.217,7419.025473252518,23009.18838764544,0.351,6.004,0.8572340229866237,0.3696986110556731,0.1630680241142777,0.3937592228611524,0.006,0.015,9.628095981273637,0.0290642259488292,0.0,0.8660254037844384,0.0213636927314935,4.844037658138216,0.5657077936002274,1.7241379310344829,0.3514034897228373,0.0,C,V
D6-Db15-PW10-PHI35-PRE6-S1m29-S20-20230331,10.075552754917064,3.188,0.866,0.0,0.0005603871348758,0.0077507769060134,8.39909366031766e-05,0.0,50.422,51.969,7450.181392362008,23346.95340140684,0.349,6.023,0.8576110400821212,0.3694948091637757,0.162710445898633,0.3930716601079744,0.006,0.015,9.611283879368708,0.1194683635054758,0.0,0.8660254037844384,0.0306705187132226,19.911393917579307,0.5601098635822632,1.7241379310344829,0.3487640379557349,,,
D6-Db15-PW10-PHI35-PRE6-S1m87-S20-20230331,10.041373760462584,3.168,-0.866,0.0,0.0005561100508138,0.0076794029712677,8.370601667608022e-05,0.0,50.18,51.49,7398.582854336355,23131.960253133908,0.351,6.053,0.8582226131927178,0.3691643156168295,0.1621304243911135,0.3919550662891663,0.006,0.015,9.583981223747172,0.0293727724933912,-0.0,0.8660254037844384,0.0261102740174139,4.895462082231871,0.5617994543264906,1.7241379310344829,0.3507944346572175,0.0,C,IV
D6-Db15-PW10-PHI35-PRE6-S1m29-S2064-20230331,10.073478703598616,3.09,0.866,0.644,0.0005606781205744,0.0076332829427719,8.39736470790148e-05,0.0035371540164947,50.424,51.181,7453.149963977246,22993.037127204778,0.354,6.018,0.8575068740696542,0.3695511128222348,0.1628092402476215,0.3932616865558629,0.006,0.015,9.615930355623808,0.0446458264492069,0.7350972661262632,0.2220615244053418,0.0150102540917296,7.440971074867823,0.5688890792890869,1.7241379310344829,0.2367308720933948,,,
D6-Db15-PW10-PHI35-PRE6-S187-S2069-20230331,10.0118913780846,3.211,0.866,0.696,0.0005580869467274,0.0077420403861999,8.346024823344947e-05,0.003875122308731,50.141,51.91,7416.853572447193,23320.637185180964,0.347,6.007,0.85729114493478,0.3696677299331121,0.1630138467783377,0.3936550885111093,0.006,0.015,9.625549715792214,0.0236646614189954,0.7940213494402811,0.1704425305275514,0.0352863258660745,3.944110236499242,0.5580262961022938,1.7241379310344829,0.2222248353711333,0.0,B,III
D6-Db15-PW10-PHI35-PRE6-S1m87-S2077-20230331,10.043139275221266,3.232,-0.866,0.77,0.0005558853412529,0.0077540076303482,8.372073420491219e-05,0.0042988322162628,50.179,51.991,7396.310938117863,23356.6850155934,0.348,6.057,0.8583056692484323,0.3691194418254845,0.1620516550931624,0.3918033031082536,0.006,0.015,9.580270350737944,0.0205791959733761,-0.90002902634537,1.6364731144794489,0.0360963309266345,3.429865995562687,0.5562770189507018,1.7241379310344829,0.2091096466933862,0.0,B,III
D10-Db15-PW10-PHI35-PRE2-S10-S20-20230207,10.060503027168304,17.796,0.0,0.0,0.0015024298834436,0.0067819172048568,8.386548038653137e-05,0.0,28.303,90.384,10822.412564659207,17402.0950038276,0.349,2.02,0.6688398599069932,0.4778411999393498,0.3428787216692435,0.6758738746879646,0.01,0.015,16.52628855127964,0.0682570259936035,0.0,0.0,2.193400042654152,6.82570259936035,0.2370482267374996,1.3846153846153844,0.3493765792297985,,,
D10-Db15-PW10-PHI35-PRE2-S10-S202-20230207,10.06122865944776,17.769,0.0,0.2,0.0015021276571728,0.0067758174657821,8.387152933851085e-05,0.002431738667488,28.301,90.303,10820.395692508311,17386.443347272343,0.35,2.02,0.668903970782945,0.4778021263335989,0.342817145667993,0.6757950046389043,0.01,0.015,16.52436004177863,0.0681027534253696,20.00989059972117,0.2000989059972117,2.1907974014604488,6.810275342536967,0.2372277374507514,1.3846153846153844,0.3369804440161878,,,
D10-Db15-PW10-PHI35-PRE2-S10-S204-20230207,10.059548849289015,17.532,0.0,0.401,0.0015032964033585,0.0067342640209197,8.385752625282607e-05,0.0048470565414428,28.312,89.749,10828.260858505098,17279.819073724248,0.351,2.018,0.6686823353645657,0.4779372132771867,0.3430300189850988,0.6760676227734878,0.01,0.015,16.531026028030155,0.0651715746289268,40.13076681382514,0.4013076681382514,2.17004228663134,6.517157462892686,0.2388290885924358,1.3846153846153844,0.3071199207697657,,,
D10-Db15-PW10-PHI35-PRE2-S10-S206-20230314,10.061262941287737,17.456,0.0,0.596,0.0015139862631862,0.006757559351921,8.387181511576972e-05,0.0045089258909225,28.429,90.059,10901.199625285928,17339.593846990367,0.35,2.004,0.6670580730991047,0.4789278018165245,0.3445901643971175,0.6780620247445494,0.01,0.015,16.579792615548016,0.0611530665832703,59.56481439872356,0.5956481439872356,2.167865638253132,6.115306658327039,0.2393454444492973,1.3846153846153844,0.2699756977527268,1.0,A,I
D10-Db15-PW10-PHI35-PRE2-S10-S210-20230310,9.99940707469392,17.465,0.0,0.997,0.0015011961339652,0.0067054156255722,8.335617768167656e-05,0.0063636719894409,28.217,89.365,10810.45116564632,17205.795386707356,0.351,2.008,0.6676026447514105,0.4785955663752478,0.3440670704868186,0.6773940384828004,0.01,0.015,16.5634591928143,0.0361607964737537,99.6712082002271,0.996712082002271,2.1670799873382163,3.616079647375377,0.239286865642914,1.3846153846153844,0.2056915223330301,,,
D10-Db15-PW10-PHI35-PRE2-S129-S20-20230208,10.02030185615832,17.414,0.289,0.0,0.0015113851496085,0.0067343914413452,8.353035892095965e-05,0.0,28.352,89.751,10881.096243631231,17280.14602881401,0.35,1.999,0.6665030182852588,0.4792665550756799,0.3451233476604286,0.6787421620577401,0.01,0.015,16.5964231525657,0.0451161407585286,0.0,0.2886751345948128,2.165610153347148,4.511614075852866,0.2396360715603645,1.3846153846153844,0.3496105774163377,,,
D10-Db15-PW10-PHI35-PRE2-S129-S20-20230424,10.041785142542276,17.554,0.289,0.0,0.0015064345369837,0.006747084159851,8.370944600318672e-05,0.0,28.324,89.92,10848.609277423882,17312.71497453008,0.35,2.01,0.6677778296542615,0.4784887137828583,0.3438987988818393,0.6771790055466805,0.01,0.015,16.558201264547748,0.0771304347826086,0.0,0.2886751345948128,2.174671152518935,7.71304347826086,0.2386767990917831,1.3846153846153844,0.3500357960087275,1.0,A,I
D10-Db15-PW10-PHI35-PRE2-S129-S202-20230208,10.011559986964848,17.306,0.289,0.201,0.0015133057895148,0.0067190331697464,8.345748571994705e-05,0.002416526312828,28.362,89.546,10893.67798172534,17240.73739355882,0.35,1.994,0.6659987083247381,0.4795744454587877,0.345607802831916,0.6793595004101464,0.01,0.015,16.611518146066295,0.0452704133267624,0.6713904923250033,0.0881474889339648,2.157251232912333,4.52704133267625,0.2403797576222099,1.3846153846153844,0.3371249486537873,,,
D10-Db15-PW10-PHI35-PRE2-S129-S204-20230207,9.97705531503061,17.61,0.0,0.399,0.0014944682069651,0.0067062602996826,8.316985090889138e-05,0.0047954492139816,28.117,89.376,10763.308191215176,17207.962782544353,0.35,2.013,0.6681320515384599,0.47827269656762,0.343558561642527,0.6767439934166297,0.01,0.015,16.54756446343179,0.0395623283021107,39.86928077458992,0.3986928077458991,2.1786852936432592,3.9562328302110696,0.2382988135945034,1.3846153846153844,0.3064275071100348,,,
D10-Db15-PW10-PHI35-PRE2-S129-S204-20230208,10.012776992283936,17.482,0.289,0.399,0.0015057282537908,0.0067264872646331,8.346763081263702e-05,0.0048100635147094,28.282,89.645,10842.110601892276,17259.86426631013,0.35,2.005,0.6672082255694509,0.4788361840705982,0.3444459319889464,0.6778779124103608,0.01,0.015,16.575290749631012,0.0397166008703445,1.334912901217012,0.1100301558485303,2.1697324420109108,3.971660087034453,0.2391720052417471,1.3846153846153844,0.3063453478959215,,,
D10-Db15-PW10-PHI35-PRE2-S129-S204-20230314,9.994841876337327,17.536,0.289,0.401,0.0015084354283859,0.0067438965940475,8.33181216767033e-05,0.0030264817237854,28.289,89.877,10859.517401307494,17304.535823816736,0.348,1.997,0.6663640736860497,0.4793513731043801,0.3452568203475788,0.6789123063429482,0.01,0.015,16.6005834754573,0.0696380965587235,1.3413269467631803,0.1119458717653294,2.177073457891876,6.963809655872356,0.2388013579139362,1.3846153846153844,0.3046953935211064,,,
D10-Db15-PW10-PHI35-PRE2-S129-S206-20230314,9.997824396415105,17.289,0.289,0.6,0.0015090377932581,0.0066987034463882,8.334298429822527e-05,0.0045034714746475,28.299,89.275,10863.795418190344,17188.572236333544,0.35,1.997,0.666340331863117,0.4793658669540006,0.3452796272950711,0.6789413748655516,0.01,0.015,16.601294251254817,0.0563705951425604,2.00938964887926,0.3114795892376238,2.1546581732334795,5.637059514256042,0.2405032990082856,1.3846153846153844,0.269535428732907,1.0,A,I
D10-Db15-PW10-PHI35-PRE2-S129-S2072-20230424,10.04583039965926,17.693,0.289,0.722,0.0015064148243283,0.0067742514276504,8.374316771973373e-05,0.0054768977594375,28.329,90.282,10848.710199013249,17382.42496374973,0.349,2.011,0.6678755076435361,0.478429141227783,0.3438049764034587,0.6770590784843709,0.01,0.015,16.55526883985867,0.0331304347826086,2.416466721397985,0.4330633886626165,2.1869312399185064,3.31304347826086,0.2377375580005594,1.3846153846153844,0.2468759969549027,1.0,A,II
D10-Db15-PW10-PHI35-PRE2-S129-S208-20230314,9.99339632541841,17.271,0.289,0.797,0.0015086741086261,0.0066934278297424,8.33060714022875e-05,0.0059755288219451,28.29,89.205,10861.060091760688,17175.035240923386,0.351,1.997,0.6662928017077444,0.4793948837249086,0.3453252859772074,0.6789995649343064,0.01,0.015,16.602717099367574,0.0270586734091767,2.668303689780071,0.5082808290900857,2.1532037966342488,2.7058673409176723,0.2406245391549151,1.3846153846153844,0.2353895656753768,1.0,A,II
D10-Db15-PW10-PHI35-PRE2-S16-S20-20230403_forme_haute,9.96418248412022,22.154,0.866,0.0,0.0012889427304901,0.0067022691631317,8.306254154818456e-05,0.0,25.883,89.323,9364.340932599987,17197.7217053778,0.359,2.353,0.7017736110728483,0.4579831115396215,0.3112819316049577,0.6340557382540462,0.01,0.015,15.503762581174968,0.0694838232864425,0.0,0.8660254037844384,2.4510009420700234,6.948382328644259,0.2124593501158413,1.3846153846153844,0.3588229902051722,1.0,A,I
D10-Db15-PW10-PHI35-PRE2-S16-S2079-20230403_forme_basse,9.96331401084087,18.168,0.866,0.789,0.00148815835352,0.0067870715665817,8.305530185762646e-05,0.0059967854261398,28.033,90.453,10719.516214393743,17415.320864555568,0.346,2.019,0.6688016096199566,0.4778645130945191,0.3429154597072898,0.6759209261337458,0.01,0.015,16.527439040740557,0.0775060334450528,0.9003802182090309,0.0772694595683513,2.226699867111748,7.750603344505288,0.2346100341798758,1.3846153846153844,0.2338972382829285,1.0,A,I
D10-Db15-PW10-PHI35-PRE2-S16-S2079-20230403_forme_haute,9.962085578241783,22.397,0.866,0.789,0.0013025140222678,0.0067931363677978,8.304506150585017e-05,0.0060021596908569,26.027,90.534,9456.393011373551,17430.882872134596,0.354,2.326,0.6993788528363826,0.4594127649056842,0.3135771251232756,0.6371871380647222,0.01,0.015,15.580330738014208,0.0270586734091767,0.9003825656416594,0.077267403157735,2.47843845065021,2.7058673409176723,0.2113033513380293,1.3846153846153844,0.2391092501310487,1.0,A,II
D10-Db15-PW10-PHI35-PRE2-S187-S20-20230403,10.059525994729032,17.432,0.866,0.0,0.0015159560486557,0.0067595199823379,8.385733573465349e-05,0.0,28.448,90.086,10914.521767508682,17344.624736597416,0.35,2.0,0.6667117028306646,0.4791391791797976,0.3449228838585403,0.6784865338737044,0.01,0.015,16.59017260007443,0.072106468915219,0.0,0.8660254037844384,2.166648619335911,7.210646891521901,0.2395123702939841,1.3846153846153844,0.3497206201784318,1.0,A,I
D10-Db15-PW10-PHI35-PRE2-S187-S2089-20230403,10.064799684445092,17.607,0.866,0.893,0.0015148460338068,0.0067901317119598,8.390129780297677e-05,0.0067901317119598,28.443,90.494,10907.263823095238,17423.173060179142,0.349,2.003,0.6670072239551469,0.4789588302182808,0.3446390090405843,0.6781243625435394,0.01,0.015,16.581316882859333,0.0503539375236027,1.0190367911917797,0.0266767126905387,2.181621030112741,5.035393752360272,0.2383216148217205,1.3846153846153844,0.2192891054346858,1.0,A,I
D10-Db15-PW10-PHI35-PRE3-S16-S2077-20230517,9.999304229174,35.901,0.596,0.775,0.0010260517033493,0.007189473490715,8.335532034989996e-05,0.0062394761228561,23.087,95.816,7586.041528649832,18447.86613191386,0.35,3.021,0.7512887228859109,0.4289128409221487,0.2639077732570814,0.5658547207446986,0.01,0.015,13.836129407203398,0.0294266294201271,1.278713600820848,0.1788661035497655,3.150134591130211,2.942662942012717,0.1668966034150298,1.3846153846153844,0.2387722342382178,,,
D10-Db15-PW10-PHI35-PRE4-S10-S208-20230315,10.039139727224256,56.035,0.0,0.798,0.0007934982870603,0.0074657045316696,8.368739352471036e-05,0.006674327096939,20.625,99.497,6023.80240686378,19156.66257877337,0.35,4.028,0.8011056284901524,0.4005783842130082,0.2164027927856972,0.4898538405331208,0.01,0.015,11.977776061162846,0.0316868715776057,79.80741670406468,0.7980741670406468,3.824149061744587,3.1686871577605733,0.1335887074836728,1.3846153846153844,0.234645654743206,1.0,A,II
D10-Db15-PW10-PHI35-PRE4-S129-S20-20230424,10.043876334780716,55.626,0.289,0.0,0.0007983684446925,0.0074717508363723,8.372687841597795e-05,0.0,20.683,99.578,6056.789063037654,19172.17712512969,0.349,4.002,0.8000981802897881,0.4011426003198275,0.2173619227321578,0.4914719931328876,0.01,0.015,12.017342698941372,0.100869565217391,0.0,0.2886751345948128,3.814455632542472,10.0869565217391,0.1340785813673771,1.3846153846153844,0.349399476452182,1.0,A,I
D10-Db15-PW10-PHI35-PRE4-S129-S2081-20230424,10.0448362263,56.045,0.289,0.809,0.0007981401021183,0.0074985317325592,8.37348801792264e-05,0.0067938084077835,20.682,99.935,6055.325110361819,19240.89570214167,0.348,4.004,0.8001663604100123,0.4011044051250069,0.2172970105670464,0.4913625942710392,0.01,0.015,12.014667707014924,0.0296521739130433,2.7079744214527826,0.5201294902119075,3.8320185226564094,2.96521739130434,0.1335763781165222,1.3846153846153844,0.231989061574035,1.0,A,II
D10-Db15-PW10-PHI35-PRE4-S129-S208-20230315,10.056252079011474,54.91,0.289,0.799,0.0008034687516442,0.0074597322130203,8.38300440064311e-05,0.0066747566270828,20.753,99.417,6091.858107518422,19141.337877307877,0.35,3.98,0.799179055183055,0.4016576633833408,0.2182370218879532,0.4929452071929416,0.01,0.015,12.05336533802547,0.0259787605032099,2.674358928621748,0.5100893783661272,3.790515966537391,2.597876050320996,0.1349504198709276,1.3846153846153844,0.234823136321447,1.0,A,II
D10-Db15-PW10-PHI35-PRE4-S129-S2084-20230424,10.047515923458,55.635,0.289,0.841,0.0007982641711975,0.007472437262535,8.375721843496164e-05,0.0070358969402313,20.686,99.587,6056.34470177862,19173.93846383907,0.35,4.005,0.8001862430660988,0.4010932669677645,0.2172780809661707,0.4913306883833108,0.01,0.015,12.01388755271864,0.0248695652173913,2.814263047932083,0.5518752600315103,3.814142353574456,2.4869565217391303,0.1340680291638285,1.3846153846153844,0.2277713087249371,0.0,C,IV
D10-Db15-PW10-PHI35-PRE4-S16-S20-20230405,10.044681958020115,55.635,0.596,0.0,0.000795465042355,0.007453231716156,8.373359418156149e-05,0.0,20.653,99.331,6037.377430945632,19124.65789426062,0.35,4.019,0.8007628095397583,0.4007703380713655,0.2167291625502769,0.4904048690257052,0.01,0.015,11.991249663575177,0.0759633007222432,0.0,0.595876796297105,3.8095860019937806,7.596330072224321,0.1340685460945533,1.3846153846153844,0.3503445869168858,1.0,A,I
D10-Db15-PW10-PHI35-PRE4-S16-S206-20230517,9.998801428854376,57.603,0.596,0.608,0.0007886180457019,0.0075276205825805,8.335112895010315e-05,0.005129142756462,20.524,100.322,5988.255123362365,19315.53638505378,0.346,4.037,0.8014871292260982,0.4003648199658805,0.2160396060451476,0.4892401556565944,0.01,0.015,11.96277040148453,0.0556529660198786,1.0039435866762554,0.0123893276613296,3.888127248134909,5.565296601987867,0.1317576234560789,1.3846153846153844,0.2645433382285795,,,
D10-Db15-PW10-PHI35-PRE4-S16-S206-better-20230517,9.996064595296415,56.299,0.596,0.598,0.000789072030162,0.0074443081760406,8.332831439893644e-05,0.0049904476785659,20.525,99.212,5991.10683563955,19101.760491038604,0.349,4.034,0.8013360025762118,0.4004494145935557,0.2161834767338271,0.4894833197817606,0.01,0.015,11.968716186117309,0.0570414191339831,0.9877280953946814,0.0025647377532659,3.8336476350882105,5.704141913398315,0.133275760212034,1.3846153846153844,0.2689530650951223,,,
D10-Db15-PW10-PHI35-PRE4-S16-S2077-20230405,10.047693046297868,54.734,0.596,0.77,0.0007959073422591,0.0073962295722961,8.375869495079916e-05,0.0063818294000625,20.661,98.571,6040.554013242036,18978.39295281297,0.353,4.018,0.8007171322036996,0.4007959172042904,0.2167726487536675,0.4904782573971235,0.01,0.015,11.993044136549775,0.0272129466814576,1.271326359521971,0.1743903454581283,3.770863914010616,2.7212946681457693,0.1351668083963818,1.3846153846153844,0.2413767889480988,0.0,C,IV
D10-Db15-PW10-PHI35-PRE4-S16-S2077-20230517,9.998315769454736,56.185,0.596,0.774,0.0007892110235389,0.0074382248783111,8.334708043893577e-05,0.0064459054327011,20.529,99.131,5992.196541637457,19086.151022236863,0.35,4.034,0.8013447327230384,0.400444527589396,0.2161751657032915,0.48946927506537,0.01,0.015,11.96837276844075,0.0229471815543062,1.2768411470970742,0.1777316272863909,3.828708557120052,2.2947181554306217,0.1334101682395132,1.3846153846153844,0.238586082792722,,,
D10-Db15-PW10-PHI35-PRE4-S187-S20-20230403,10.055806415091809,54.373,0.866,0.0,0.0008011879102275,0.0074081454372406,8.382632890206576e-05,0.0,20.728,98.73,6076.530977953395,19008.968527175293,0.352,3.992,0.7996801173923026,0.4013768391989979,0.217759953828393,0.492142445886057,0.01,0.015,12.033736431668494,0.0728778352766238,0.0,0.8660254037844384,3.763161783567434,7.287783527662386,0.1356148621109123,1.3846153846153844,0.352435693214816,1.0,A,I
D10-Db15-PW10-PHI35-PRE4-S187-S2074-20230403,10.05562929225194,55.073,0.866,0.741,0.0008032539328725,0.0074692476415634,8.382485238622825e-05,0.0062028139781951,20.75,99.544,6090.373862280841,19165.754039656546,0.35,3.98,0.7992158703315304,0.4016370270369996,0.2182019691477651,0.4928862545475388,0.01,0.015,12.051923843590968,0.0282928595874244,0.8462560027500299,0.1246836472703386,3.797335610747488,2.829285958742446,0.1347505230211605,1.3846153846153844,0.2440315943129695,0.0,C,IV
D10-Db15-PW10-PHI35-PRE4-S187-S2089-20230403,10.062714205846651,56.492,0.866,0.893,0.0008040323023591,0.007571638174057,8.388391301972868e-05,0.007571638174057,20.767,100.909,6096.0895621315085,19428.483548160413,0.346,3.979,0.7991685260021019,0.4016635654934412,0.2182470470336476,0.4929620668641707,0.01,0.015,12.05377758623042,0.0181108236168806,1.0190367911917797,0.0266767126905387,3.8591382305199065,1.8110823616880647,0.1330468831678573,1.3846153846153844,0.2173740168375809,0.0,B,III
D10-Db15-PW10-PHI35-PRE6-S10-S208-20230315,10.04077954190303,96.634,0.0,0.797,0.0005593019114015,0.0077105182170867,8.370106320359312e-05,0.00688570936203,18.099,102.76,4460.324235144057,19784.84350212877,0.349,6.012,0.857392767074572,0.3696127939230517,0.1629174637261813,0.3934697955725152,0.01,0.015,9.62101898204972,0.0330753310281344,79.72080666762503,0.7972080666762502,4.677773462677328,3.307533102813443,0.1017266744266131,1.3846153846153844,0.2345198789455187,1.0,A,II
D10-Db15-PW10-PHI35-PRE6-S129-S20-20230424,10.021753120717236,95.798,0.289,0.0,0.000561054611404,0.0076882751321792,8.35424568249186e-05,0.0,18.095,102.463,4470.571024204544,19727.76874508781,0.35,5.977,0.8566689434323306,0.3700041616383913,0.1636039851596793,0.394788634276105,0.01,0.015,9.653266875901489,0.0757391304347826,0.0,0.2886751345948128,4.662625213023504,7.57391304347826,0.1021696040043705,1.3846153846153844,0.349509583444348,0.0,C,V
D10-Db15-PW10-PHI35-PRE6-S129-S208-20230315,10.059051762609386,95.975,0.289,0.797,0.0005613326543713,0.0077074560165405,8.385338248257241e-05,0.0068796692228317,18.142,102.719,4475.175221856323,19776.986033036,0.35,6.0,0.8571329099124044,0.3697532772203311,0.1631639253576065,0.3939435201920191,0.01,0.015,9.6326023706803,0.0204249227010951,2.667865918188259,0.5081500776009795,4.661794551762036,2.0424922701095154,0.1020751630688139,1.3846153846153844,0.2350426278347128,0.0,C,IV
D10-Db15-PW10-PHI35-PRE6-S129-S2084-20230424,10.021793116197204,95.318,0.289,0.845,0.00056098917943,0.0076684139871597,8.354279023172062e-05,0.0072588970708847,18.094,102.199,4470.138942307823,19676.80593883781,0.35,5.978,0.856686344624963,0.3699947508502611,0.1635874803483021,0.3947569543532249,0.01,0.015,9.65249224683768,0.0329565217391304,2.8292582044636707,0.5563539404268526,4.648202421996002,3.29565217391304,0.1024263861440441,1.3846153846153844,0.2276354641843723,0.0,C,IV
D10-Db15-PW10-PHI35-PRE6-S16-S20-20230405,10.103069645136516,95.92,0.596,0.0,0.000561366655131,0.0077167638731002,8.42203204829653e-05,0.0,18.196,102.843,4478.654498288672,19800.869574996497,0.351,6.03,0.8577518975997243,0.3694186788274779,0.1625768532526098,0.3928146259468363,0.01,0.015,9.604998948298595,0.0373949826520015,0.0,0.595876796297105,4.652045455093322,3.73949826520015,0.1021046184829323,1.3846153846153844,0.3511361940040863,0.0,C,V
D10-Db15-PW10-PHI35-PRE6-S16-S2082-20230405,10.086357248148998,98.428,0.596,0.819,0.0005611584905843,0.0078107713747024,8.408100406926474e-05,0.0071676887083053,18.173,104.096,4476.03531470318,20042.088602675256,0.347,6.021,0.8575674039071062,0.3695183948834923,0.1627518317471755,0.3931512696306791,0.01,0.015,9.61323047028296,0.0264415803200528,1.352095769186637,0.2233266566245647,4.727926901921739,2.644158032005286,0.1007951376181492,1.3846153846153844,0.2291982786640841,0.0,C,IV
D10-Db15-PW10-PHI35-PRE6-S16-S2089-20230405,10.090831028265658,95.67,0.596,0.893,0.0005609142264797,0.0076994449710845,8.411829800154767e-05,0.0076994449710845,18.176,102.612,4474.742174411758,19756.430050134248,0.351,6.027,0.8576936308293863,0.3694501699099165,0.1626321147022885,0.3929209601935117,0.01,0.015,9.607599005068437,0.0182650968891616,1.473405355562125,0.2968253201778721,4.645436902575433,1.8265096889161616,0.102237977237037,1.3846153846153844,0.2210618815171765,0.0,B,III
D10-Db15-PW10-PHI35-PRE6-S187-S20-20230403,10.015256712042088,95.452,0.866,0.0,0.0005590172193469,0.0076541017961502,8.348830203436219e-05,0.0,18.065,102.008,4456.54548002617,19640.081499400203,0.351,5.998,0.8570998134700042,0.3697711713509678,0.1631953159980649,0.3940038352589173,0.01,0.015,9.634077178683508,0.0377035291965634,0.0,0.8660254037844384,4.646754341450392,3.770352919656344,0.1023548763807732,1.3846153846153844,0.3508364585628523,0.0,C,V
D10-Db15-PW10-PHI35-PRE6-S187-S2084-20230403,10.017467890720434,92.067,0.866,0.862,0.000558708880244,0.0075149751329421,8.350673466755948e-05,0.0072540078258514,18.064,100.154,4454.658953955992,19283.088729129075,0.357,6.003,0.8572110095897144,0.3697110528077621,0.1630898512385652,0.3938011728240831,0.01,0.015,9.629121730630242,0.0261330337754909,0.9836494103263408,0.004323531920981,4.54432111584146,2.6133033775490926,0.1042191039084048,1.3846153846153844,0.229344909503051,0.0,C,IV
D10-Db15-PW10-PHI35-PRE6-S187-S2089-avechyst-20230403,10.021513147837414,94.147,0.866,0.893,0.0005599839235243,0.0076119790697097,8.354045638410648e-05,0.0076119790697097,18.083,101.447,4463.434755892255,19531.996474886542,0.353,5.99,0.85694089789944,0.3698570967377098,0.1633460419694243,0.3942933794000325,0.01,0.015,9.641157035153196,0.0185736434337235,1.0190367911917797,0.0266767126905387,4.610103946528687,1.857364343372355,0.1030614010715283,1.3846153846153844,0.2219269665233356,0.0,B,III
D10-Db15-PW125-PHI35-PRE2-S10-S208-20230315,12.501170055945972,17.482,0.0,0.799,0.001881171193323,0.0084026022577285,0.0001042111541842,0.0075244145202636,35.324,111.983,13545.038285430825,21560.700072193664,0.35,2.003,0.6670536224387354,0.4789305175903819,0.3445944396034249,0.6780674812090581,0.01,0.015,16.57992603556959,0.0361607964737537,79.94024424155253,0.7994024424155254,2.170208314069809,3.616079647375377,0.2391695386396498,1.3846153846153844,0.2344527699284146,1.0,A,II
D10-Db15-PW125-PHI35-PRE2-S129-S208-20230315,12.53678317403938,17.767,0.289,0.796,0.0018552780329223,0.0083841550683975,0.0001045080291267,0.0074777252101898,35.087,111.737,13370.699179121437,21513.36541274623,0.352,2.039,0.670971455612561,0.4765429380472622,0.3408315487573497,0.6732464095022632,0.01,0.015,16.462042470104528,0.0290642259488292,2.6657394305365774,0.5075149486153993,2.18459158072242,2.9064225948829296,0.2372414054924561,1.3846153846153844,0.2366794020278708,1.0,A,II
D10-Db15-PW75-PHI35-PRE2-S10-S208-20230315,7.510431219752318,17.601,0.0,0.8,0.0011255983089445,0.0050490816259384,6.260779609663487e-05,0.0045244033622741,21.172,67.29,8106.434879422764,12955.716721775423,0.35,2.012,0.6680053910529904,0.4783499329114875,0.343680220656998,0.6768995758975633,0.01,0.015,16.551368724951175,0.0373949826520015,79.99364550851324,0.7999364550851324,2.1782100652537006,3.73949826520015,0.2383618405147032,1.3846153846153844,0.2345041223804861,1.0,A,II
carto_191021,10.035505853901103,11.094,0.289,0.601,8.365710114955904e-05,0.0098509470748901,8.365710114955904e-05,0.0048257958269119,35.993,31.649,21596.09822921343,25319.38950167124,0.29,999999.0,0.999999,0.42,0.028,0.0822027573769803,0.006,0.02,2.01,0.0455445088404486,2.0125026105577675,0.3124093534859405,0.1206956958287059,7.590751473408105,0.3002349189596248,1.8348623853211008,0.1948723477119638,,,
carto_191021,10.028416020739366,11.056,0.289,0.7,8.35979995059967e-05,0.0098273455238342,8.35979995059967e-05,0.0056075036954879,35.968,31.573,21580.84112751685,25258.72763236211,0.291,999999.0,0.999999,0.42,0.028,0.0822027573769803,0.006,0.02,2.01,0.0534755745485752,2.3441145861141304,0.411453604918489,0.1221822350512185,8.912595758095872,0.3007433513482395,1.8348623853211008,0.178509806053416,,,
carto_191021,10.030365506306651,6.247,0.289,0.6,8.361425063610078e-05,0.0073885864019393,8.361425063610078e-05,0.0036147407245635,35.975,23.738,21585.036360165846,18990.50878613532,0.387,999999.0,0.999999,0.42,0.028,0.0822027573769803,0.006,0.02,2.01,0.0462655148139146,2.0098390975366947,0.3116138283758766,0.3401502155499704,7.710919135652447,0.4000878119915644,1.8348623853211008,0.2598721911873258,,,
carto_191021,10.032201344733238,6.279,0.289,0.698,8.362955439090728e-05,0.0074086674499511,8.362955439090728e-05,0.0042144511222839,35.982,23.803,21588.98702768284,19042.12208507467,0.386,999999.0,0.999999,0.42,0.028,0.0822027573769803,0.006,0.02,2.01,0.0690973706403397,2.3369338261323573,0.4093088904644399,0.3384779218453746,11.516228440056626,0.3990764106319221,1.8348623853211008,0.2373290047457019,,,
carto_191021,10.035977926639363,4.007,0.289,0.601,8.366103640079497e-05,0.0059207339286804,8.366103640079497e-05,0.0028995935869216,35.995,19.022,21597.11411514637,15217.762042203609,0.483,999999.0,0.999999,0.42,0.028,0.0822027573769803,0.006,0.02,2.01,0.0486688680588015,2.0119031953720405,0.3122303230746655,0.4715348786508297,8.111478009800257,0.4995558757590886,1.8348623853211008,0.3242978574378445,,,
carto_191021,10.031598140678788,2.739,0.289,0.595,8.362452601432801e-05,0.0048926689434051,8.362452601432801e-05,0.0023731745958328,35.979,15.719,21587.68895121297,12575.378767039703,0.584,999999.0,0.999999,0.42,0.028,0.0822027573769803,0.006,0.02,2.01,0.05167305961491,1.9926423425791333,0.306477585274333,0.5631058935213239,8.612176602485016,0.6042605120758319,1.8348623853211008,0.3943360325893228,,,
carto_191021,10.0331892006485,2.064,0.289,0.601,8.363778926849366e-05,0.0042479544734954,8.363778926849366e-05,0.0020800891208648,35.985,13.648,21591.11286306103,10918.301873122024,0.673,999999.0,0.999999,0.42,0.028,0.0822027573769803,0.006,0.02,2.01,0.0544369158465299,2.01162759068572,0.3121480068078837,0.6207362512169936,9.072819307754996,0.6960798582802665,1.8348623853211008,0.451909756154876,,,
carto_191021,10.031239715081211,1.582,0.289,0.603,8.362153813838958e-05,0.0037179923725128,8.362153813838958e-05,0.0018259614133834,35.978,11.945,21586.917630412037,9556.16717136252,0.768,999999.0,0.999999,0.42,0.028,0.0822027573769803,0.006,0.02,2.01,0.0610461372699688,2.0175699269319805,0.3139228348860432,0.6679875514777193,10.174356211661468,0.7951444521996632,1.8348623853211008,0.5153888040161043,,,
carto_191021,10.035619501041792,1.26,0.289,0.6,8.365804852485655e-05,0.003320551624298,8.365804852485655e-05,0.0016239198875427,35.994,10.668,21596.34279434543,8534.645379459438,0.861,999999.0,0.999999,0.42,0.028,0.0822027573769803,0.006,0.02,2.01,0.0575612750648828,2.009092158365806,0.3113907362184773,0.703607962906083,9.593545844147146,0.890704956489993,1.8348623853211008,0.578664489137761,,,
carto_S1_0_27102021,10.044326620436475,11.016,0.0,0.699,8.37306320476532e-05,0.0098251485490798,8.37306320476532e-05,0.0055965126562118,36.025,31.566,21615.08024599745,25253.080859609458,0.291,999999.0,0.999999,0.42,0.028,0.0822027573769803,0.006,0.02,2.01,0.0635532052176339,69.8912692756693,0.698912692756693,0.1237686638607668,10.59220086960566,0.3012878512961199,1.8348623853211008,0.1790265603026824,,,
carto_S1_0_27102021,10.04616245886307,6.232,0.0,0.7,8.374593580245973e-05,0.0073913115549087,8.374593580245973e-05,0.0042138078546524,36.032,23.747,21619.03091351445,18997.51310855816,0.387,999999.0,0.999999,0.42,0.028,0.0822027573769803,0.006,0.02,2.01,0.0746624755859375,69.95162088959367,0.6995162088959367,0.3409447958875968,12.44374593098959,0.4005701720529808,1.8348623853211008,0.237892783882684,,,
carto_S1_0_27102021,10.00877254957485,6.286,0.0,0.8,8.343424932956695e-05,0.0073952184295654,8.343424932956695e-05,0.0048210689401626,35.898,23.759,21538.56898508502,19007.554750282,0.385,999999.0,0.999999,0.42,0.028,0.0822027573769803,0.006,0.02,2.01,0.0434848458426339,79.99022132909731,0.7999022132909731,0.3381330917303174,7.2474743071056595,0.3988684933559934,1.8348623853211008,0.217020338717177,,,
carto_S1_0_27102021,10.044247941646766,3.994,0.0,0.699,8.372997617244721e-05,0.0059158549594879,8.372997617244721e-05,0.0033709340715408,36.025,19.007,21614.9109316753,15205.221875211271,0.484,999999.0,0.999999,0.42,0.028,0.0822027573769803,0.006,0.02,2.01,0.0609252057756696,69.91611751986957,0.6991611751986957,0.4724051168910103,10.154200962611611,0.5003798652254583,1.8348623853211008,0.2972621803326692,,,
carto_S1_0_27102021,10.012409258077046,4.025,0.0,0.797,8.346456533908842e-05,0.0059202776813507,8.346456533908842e-05,0.0038476899242401,35.911,19.021,21546.395069309157,15216.58937283869,0.482,999999.0,0.999999,0.42,0.028,0.0822027573769803,0.006,0.02,2.01,0.0511299351283482,79.74483277894998,0.7974483277894999,0.4703317193935153,8.521655854724708,0.4984211178389482,1.8348623853211008,0.2717550078715464,,,
carto_S1_0_27102021,10.050358660980988,2.775,0.0,0.701,8.378091581344603e-05,0.0049339346647262,8.378091581344603e-05,0.0028178472185134,36.047,15.852,21628.061010696147,12681.441957030818,0.58,999999.0,0.999999,0.42,0.028,0.0822027573769803,0.006,0.02,2.01,0.0700037493024554,70.07588815138632,0.7007588815138632,0.5602434511781055,11.667291550409232,0.6003272883848272,1.8348623853211008,0.3561318038791842,,,
carto_S1_0_27102021,10.013799250028612,2.795,0.0,0.798,8.347615246772766e-05,0.004933729147911,8.347615246772766e-05,0.0032084401464462,35.916,15.851,21549.3862890006,12680.913727587164,0.578,999999.0,0.999999,0.42,0.028,0.0822027573769803,0.006,0.02,2.01,0.0537579345703125,79.79270733490374,0.7979270733490375,0.5586563269996747,8.959655761718755,0.5981684402747134,1.8348623853211008,0.3260069938878487,,,
carto_S1_0_27102021,10.04113575840931,2.052,0.0,0.699,8.370403266429901e-05,0.0042390001058578,8.370403266429901e-05,0.0024165612506866,36.014,13.619,21608.213609598868,10895.28691626206,0.675,999999.0,0.999999,0.42,0.028,0.0822027573769803,0.006,0.02,2.01,0.0998673793247768,69.94858647196142,0.6994858647196143,0.6218352273430605,16.64456322079614,0.6981027202742895,1.8348623853211008,0.4146042170204176,,,
carto_S1_0_27102021,10.027839042948152,2.058,0.0,0.799,8.359318975448609e-05,0.0042397913455963,8.359318975448609e-05,0.002760133986473,35.966,13.622,21579.599489154363,10897.320599620123,0.674,999999.0,0.999999,0.42,0.028,0.0822027573769803,0.006,0.02,2.01,0.0629559326171875,79.87856300806114,0.7987856300806113,0.6212631076020325,10.49265543619792,0.6970481666895952,1.8348623853211008,0.3796187291786892,,,
carto_S1_0_27102021,10.05246550412769,1.566,0.0,0.699,8.379847869396209e-05,0.0037077411937713,8.379847869396209e-05,0.0021136294651031,36.054,11.912,21632.59487198945,9529.819086713102,0.772,999999.0,0.999999,0.42,0.028,0.0822027573769803,0.006,0.02,2.01,0.1113350132533482,69.94618065679069,0.6994618065679069,0.6696020816120654,18.55583554222471,0.7990300235298285,1.8348623853211008,0.4745552449140258,,,
carto_S1_0_27102021,10.025190190361217,1.572,0.0,0.8,8.357110862255097e-05,0.0037039905118942,8.357110862255097e-05,0.0024135689258575,35.956,11.9,21573.899240308416,9520.178899366434,0.771,999999.0,0.999999,0.42,0.028,0.0822027573769803,0.006,0.02,2.01,0.0732290213448661,79.95293353256235,0.7995293353256235,0.669038308977346,12.204836890811018,0.7976689256329891,1.8348623853211008,0.4341418513249134,,,
carto_S1_0_27102021,10.041345568515206,1.246,0.0,0.7,8.370578166484833e-05,0.0033036047077178,8.370578166484833e-05,0.0018843055820465,36.014,10.614,21608.665114457955,8491.0875795358,0.866,999999.0,0.999999,0.42,0.028,0.0822027573769803,0.006,0.02,2.01,0.1125295584542411,69.98545993622245,0.6998545993622245,0.705288797298685,18.754926409040188,0.8957849382172124,1.8348623853211008,0.5318335027740829,,,
carto_S1_0_27102021,10.03903765735035,1.246,0.0,0.796,8.368654265880586e-05,0.0033027435922622,8.368654265880586e-05,0.002143388299942,36.006,10.611,21603.698561008023,8488.874298166895,0.866,999999.0,0.999999,0.42,0.028,0.0822027573769803,0.006,0.02,2.01,0.0875635637555804,79.62887128720266,0.7962887128720266,0.7052978819508161,14.593927292596732,0.8958125521841626,1.8348623853211008,0.4889099188537315,,,
carto_S1_3_28102021_0306,10.056338248999024,11.061,0.866,0.601,8.383076232910155e-05,0.0098568906211853,8.383076232910155e-05,0.0048247250843048,36.068,31.668,21640.928899180064,25334.66589718169,0.291,999999.0,0.999999,0.42,0.028,0.0822027573769803,0.006,0.02,2.01,0.045365555342091,0.6855837212395015,0.2654366475575662,0.1219878078520844,7.560925890348505,0.3006767546791001,1.8348623853211008,0.1952474861619667,,,
carto_S1_3_28102021_0806,10.053724364763069,1.584,0.866,0.603,8.380897269725798e-05,0.0037289813566207,8.380897269725798e-05,0.0018330681848526,36.059,11.981,21635.303901143965,9584.411599714656,0.768,999999.0,0.999999,0.42,0.028,0.0822027573769803,0.006,0.02,2.01,0.0513251404947691,0.6885195401155774,0.2628647956412139,0.6677509716234719,8.554190082461519,0.7945782649649669,1.8348623853211008,0.5147573895803399,,,
cartoS1_1_0206,10.220121262914088,24.038,0.289,0.601,8.51960758829117e-05,0.0147678681760853,8.51960758829117e-05,0.0072316356450146,36.656,47.444,21993.38487980324,37955.14857010276,0.197,999999.0,0.999999,0.42,0.028,0.0822027573769803,0.006,0.02,2.01,0.0492697063700232,2.011683892881478,0.3121648228737799,0.2943147034051151,8.211617728337208,0.2039620358629296,1.8348623853211008,0.1321842234190882,,,
h2_S1_0_26102021_0207,10.041144500497056,24.842,0.0,0.7,8.370410553932191e-05,0.0147494136476516,8.370410553932191e-05,0.0084161211538314,36.014,47.387,21608.23242230133,37909.6696213164,0.194,999999.0,0.999999,0.42,0.028,0.0822027573769803,0.006,0.02,2.01,0.0506521170479911,70.01349953593154,0.7001349953593154,0.315806478767928,8.442019507998516,0.2006357779533928,1.8348623853211008,0.1190890983224704,,,
S1_0_25102021,10.06798270987625,24.668,0.289,0.6,8.392783185958862e-05,0.0147371257972717,8.392783185958862e-05,0.0072095607042312,36.11,47.348,21665.98741885928,37878.08678288038,0.195,999999.0,0.999999,0.42,0.028,0.0822027573769803,0.006,0.02,2.01,0.0403790283203125,2.009747545208437,0.3115864839719117,0.311205648648715,6.7298380533854205,0.2013397797483447,1.8348623853211008,0.1307810802538536,,,
S1_0_25102021,10.038137222312546,11.106,0.289,0.6,8.367903653144837e-05,0.0098587875413894,8.367903653144837e-05,0.0048188884067535,36.003,31.674,21601.76085265445,25339.541454946608,0.29,999999.0,0.999999,0.42,0.028,0.0822027573769803,0.006,0.02,2.01,0.0427681187220982,2.00802380166733,0.3110716446377647,0.1202265305666209,7.128019787016374,0.3000748097959199,1.8348623853211008,0.1950064859041253,,,
S1_0_25102021,10.04109204797058,6.191,0.289,0.602,8.370366828918458e-05,0.0073628659725189,8.370366828918458e-05,0.003609861755371,36.014,23.656,21608.11954608656,18924.40087126212,0.388,999999.0,0.999999,0.42,0.028,0.0822027573769803,0.006,0.02,2.01,0.0512493896484375,2.014137753020524,0.3128977298810861,0.3431496607941928,8.541564941406255,0.4019147753244911,1.8348623853211008,0.2607530150735337,,,
S1_1_25102021,10.06473939532261,11.019,0.289,0.8,8.390079522609711e-05,0.0098463229465484,8.390079522609711e-05,0.0064215290832519,36.098,31.634,21659.00790624593,25307.504339189043,0.291,999999.0,0.999999,0.42,0.028,0.0822027573769803,0.006,0.02,2.01,0.0338090297154018,2.679229229172655,0.5115440160386866,0.1236612343209759,5.634838285900301,0.3012509167036118,1.8348623853211008,0.1638632517161203,,,
S1_1_25102021,10.06009734672966,6.236,0.289,0.8,8.386209858894349e-05,0.007403603515625,8.386209858894349e-05,0.0048254464483261,36.082,23.786,21649.018361238675,19029.106511583053,0.387,999999.0,0.999999,0.42,0.028,0.0822027573769803,0.006,0.02,2.01,0.0387066650390625,2.6775638870781515,0.5110466197644644,0.3407631863234879,6.451110839843754,0.4004598211550449,1.8348623853211008,0.2179197393066526,,,
S1_1_25102021,9.983848857411957,4.037,0.289,0.7,8.322648263931274e-05,0.005911796002388,8.322648263931274e-05,0.0033707491064071,35.808,18.993,21484.933970366223,15194.789343699127,0.481,999999.0,0.999999,0.42,0.028,0.0822027573769803,0.006,0.02,2.01,0.0462322998046875,2.342353744259205,0.4109276852404692,0.4695775177390461,7.705383300781254,0.4977124185581518,1.8348623853211008,0.2955613748564817,,,
S1_1_25102021,10.063393113809775,3.98,0.289,0.801,8.388957247257234e-05,0.0059169010400772,8.388957247257234e-05,0.003862318611145,36.094,19.01,21656.1107500668,15207.910563079471,0.484,999999.0,0.999999,0.42,0.028,0.0822027573769803,0.006,0.02,2.01,0.0394233921595982,2.681632656164532,0.5122618599189741,0.4733157281127028,6.57056535993304,0.5012449974207877,1.8348623853211008,0.2724815788008632,,,
S1_1_25102021,9.99400716337242,2.794,0.289,0.701,8.33111634159088e-05,0.00492332177639,8.33111634159088e-05,0.002811182308197,35.845,15.818,21506.794330626915,12654.16418856057,0.578,999999.0,0.999999,0.42,0.028,0.0822027573769803,0.006,0.02,2.01,0.0486213902064732,2.345720614487203,0.4119332856589796,0.5587151206488624,8.103565034412206,0.5982481359703476,1.8348623853211008,0.3549458752490659,,,
S1_1_25102021,10.06003615211544,2.78,0.289,0.799,8.386158846378327e-05,0.0049429938459396,8.386158846378327e-05,0.0032169382667541,36.081,15.881,21648.88667232144,12704.72631090705,0.58,999999.0,0.999999,0.42,0.028,0.0822027573769803,0.006,0.02,2.01,0.0428875732421875,2.673610583650498,0.5098658663311161,0.559859826631975,7.1479288736979205,0.599804045342107,1.8348623853211008,0.3267269755880441,,,
S1_1_25102021,10.0745392756855,2.038,0.289,0.7,8.398248812675475e-05,0.0042383486175537,8.398248812675475e-05,0.0024179423236846,36.133,13.617,21680.09694570568,10893.61242892568,0.677,999999.0,0.999999,0.42,0.028,0.0822027573769803,0.006,0.02,2.01,0.0514882986886161,2.343660799163859,0.4113180700400394,0.6231470116505828,8.58138311476935,0.7005327399949914,1.8348623853211008,0.4158596968494979,,,
S1_1_25102021,10.055971081313706,2.046,0.289,0.798,8.382770157814026e-05,0.0042395817184448,8.382770157814026e-05,0.00275884745121,36.067,13.621,21640.13876567667,10896.781805587594,0.675,999999.0,0.999999,0.42,0.028,0.0822027573769803,0.006,0.02,2.01,0.0426486642020089,2.6733152201260664,0.5097776485907018,0.62234131478153,7.108110700334826,0.6990382237628108,1.8348623853211008,0.3808108014271961,,,
S1_1_25102021,10.07641882455082,1.552,0.289,0.699,8.399815625667572e-05,0.0036993848800659,8.399815625667572e-05,0.0021081709384918,36.14,11.885,21684.141676734987,9508.341277534164,0.776,999999.0,0.999999,0.42,0.028,0.0822027573769803,0.006,0.02,2.01,0.0522050258091518,2.341109890098479,0.4105561769315978,0.6711303557935254,8.700837634858637,0.8027431572187663,1.8348623853211008,0.4768582997439132,,,
S1_1_25102021,10.05907452246342,1.574,0.289,0.8,8.385357221126558e-05,0.0037197783136367,8.385357221126558e-05,0.0024266952848434,36.078,11.951,21646.817275050635,9560.757485227869,0.77,999999.0,0.999999,0.42,0.028,0.0822027573769803,0.006,0.02,2.01,0.0414541190011161,2.6800548524429275,0.5117906091800599,0.6687472332394357,6.909019833519349,0.7969680044802174,1.8348623853211008,0.4334137239626641,,,
S1_1_25102021,10.058392639619257,1.243,0.289,0.699,8.384788795948029e-05,0.0033055386209487,8.384788795948029e-05,0.0018831772947311,36.076,10.62,21645.349884258605,8496.058218600578,0.867,999999.0,0.999999,0.42,0.028,0.0822027573769803,0.006,0.02,2.01,0.0526828438895089,2.340423597367535,0.4103511983578117,0.7056160469559124,8.780473981584827,0.8967807306540952,1.8348623853211008,0.5328171599937365,,,
S1_1_25102021,10.059765147395323,1.243,0.289,0.797,8.385932933807374e-05,0.0033053454351425,8.385932933807374e-05,0.0021471554231643,36.081,10.619,21648.303478545124,8495.561682923542,0.867,999999.0,0.999999,0.42,0.028,0.0822027573769803,0.006,0.02,2.01,0.0414541190011161,2.668653101337155,0.5083851896339268,0.7056734136923293,6.909019833519349,0.8969555207892465,1.8348623853211008,0.4892108438437182,,,
